%,GPST,latitude(deg),longitude(deg),height(m),Q,ns,sdn(m),sde(m),sdu(m),sdne(m),sdeu(m),sdun(m),age(s),ratio
3/11/2025,7:42:41 PM,38.90558197,-92.26833198,223.0418,2,12,0.7438,0.5935,1.8309,-0.2404,0.2762,0.7558,0.2,0
3/11/2025,7:42:41 PM,38.90558223,-92.26833181,223.0728,2,12,0.5338,0.4246,1.3217,-0.1672,0.2078,0.5483,0.4,0
3/11/2025,7:42:42 PM,38.90558233,-92.26833186,223.0719,2,12,0.4381,0.3481,1.0869,-0.1357,0.1732,0.4516,0.6,0
3/11/2025,7:42:42 PM,38.9055823,-92.26833195,223.0795,2,12,0.3803,0.302,0.9446,-0.1171,0.1516,0.3928,0.8,0
3/11/2025,7:42:42 PM,38.90558217,-92.268332,223.0582,2,12,0.3407,0.2705,0.8467,-0.1045,0.1365,0.3522,0,0
3/11/2025,7:42:42 PM,38.90558207,-92.26833199,223.0504,2,12,0.3113,0.2471,0.774,-0.0953,0.1251,0.3221,0.2,0
3/11/2025,7:42:42 PM,38.90558194,-92.26833199,223.0437,2,12,0.2884,0.2289,0.7172,-0.0881,0.1162,0.2985,0.4,0
3/11/2025,7:42:43 PM,38.90558185,-92.26833198,223.0347,2,12,0.2699,0.2142,0.6714,-0.0824,0.109,0.2794,0.6,0
3/11/2025,7:42:43 PM,38.90558179,-92.26833202,223.0302,2,12,0.2546,0.2021,0.6333,-0.0776,0.103,0.2636,0.8,0
3/11/2025,7:42:43 PM,38.90558164,-92.26833205,223.0407,2,12,0.2416,0.1917,0.6011,-0.0736,0.0978,0.2502,0,0
3/11/2025,7:42:43 PM,38.90558153,-92.26833214,223.0356,2,12,0.2304,0.1829,0.5732,-0.0701,0.0934,0.2386,0.2,0
3/11/2025,7:42:43 PM,38.90558141,-92.26833212,223.0257,2,12,0.2206,0.1751,0.549,-0.0671,0.0896,0.2284,0.4,0
3/11/2025,7:42:44 PM,38.90558134,-92.26833214,223.0309,2,12,0.212,0.1683,0.5275,-0.0644,0.0861,0.2195,0.6,0
3/11/2025,7:42:44 PM,38.90558125,-92.26833216,223.0212,2,12,0.2043,0.1622,0.5084,-0.0621,0.0831,0.2115,0.8,0
3/11/2025,7:42:44 PM,38.90558126,-92.2683322,223.021,2,12,0.1973,0.1567,0.4911,-0.06,0.0803,0.2043,0,0
3/11/2025,7:42:44 PM,38.90558124,-92.26833224,223.0129,2,12,0.1911,0.1517,0.4756,-0.058,0.0779,0.1978,0.2,2.5
3/11/2025,7:42:44 PM,38.90558119,-92.26833226,223.0065,2,12,0.1854,0.1472,0.4614,-0.0563,0.0756,0.1918,0.4,2.4
3/11/2025,7:42:45 PM,38.90558116,-92.26833226,223.0001,2,12,0.1801,0.1431,0.4483,-0.0547,0.0735,0.1864,0.6,2.4
3/11/2025,7:42:45 PM,38.90558113,-92.26833231,222.9934,2,12,0.1753,0.1393,0.4364,-0.0532,0.0716,0.1814,0.8,2.4
3/11/2025,7:42:45 PM,38.90558109,-92.26833235,222.9946,2,12,0.1708,0.1358,0.4253,-0.0518,0.0698,0.1767,0,2.5
3/11/2025,7:42:45 PM,38.90558105,-92.26833238,222.9835,2,12,0.1667,0.1325,0.415,-0.0506,0.0682,0.1724,0.2,2.5
3/11/2025,7:42:45 PM,38.90558099,-92.26833244,222.9694,2,12,0.1629,0.1295,0.4054,-0.0494,0.0667,0.1683,0.4,2.5
3/11/2025,7:42:46 PM,38.90558093,-92.26833253,222.9593,2,12,0.1592,0.1266,0.3964,-0.0483,0.0652,0.1646,0.6,2.5
3/11/2025,7:42:46 PM,38.90558089,-92.26833258,222.9485,2,12,0.1559,0.124,0.388,-0.0473,0.0639,0.161,0.8,2.5
3/11/2025,7:42:46 PM,38.90558088,-92.26833265,222.943,2,12,0.1527,0.1215,0.3801,-0.0463,0.0627,0.1577,0,2.5
3/11/2025,7:42:46 PM,38.90558083,-92.26833269,222.9269,2,12,0.1497,0.1191,0.3726,-0.0454,0.0615,0.1546,0.2,2.5
3/11/2025,7:42:46 PM,38.90558081,-92.26833271,222.9131,2,12,0.1469,0.1169,0.3656,-0.0445,0.0603,0.1516,0.4,2.5
3/11/2025,7:42:47 PM,38.90558076,-92.26833277,222.9048,2,12,0.1442,0.1148,0.3589,-0.0437,0.0593,0.1488,0.6,2.6
3/11/2025,7:42:47 PM,38.90558071,-92.26833281,222.8948,2,12,0.1416,0.1128,0.3526,-0.043,0.0583,0.1461,0.8,2.6
3/11/2025,7:42:47 PM,38.90558069,-92.26833291,222.8849,2,12,0.1392,0.1109,0.3466,-0.0422,0.0573,0.1435,0,2.6
3/11/2025,7:42:47 PM,38.90558066,-92.26833295,222.8793,2,12,0.1369,0.1091,0.3409,-0.0415,0.0564,0.1411,0.2,2.6
3/11/2025,7:42:47 PM,38.90558061,-92.26833297,222.8801,2,12,0.1347,0.1074,0.3354,-0.0409,0.0556,0.1388,0.4,2.7
3/11/2025,7:42:48 PM,38.90558056,-92.26833303,222.8728,2,12,0.1326,0.1058,0.3302,-0.0402,0.0548,0.1366,0.6,2.7
3/11/2025,7:42:48 PM,38.90558055,-92.26833309,222.869,2,12,0.1306,0.1042,0.3252,-0.0396,0.054,0.1344,0.8,2.7
3/11/2025,7:42:48 PM,38.90558056,-92.26833314,222.8745,2,12,0.1287,0.1027,0.3204,-0.0391,0.0532,0.1324,0,2.7
3/11/2025,7:42:48 PM,38.90558058,-92.2683332,222.8779,2,12,0.1269,0.1013,0.3158,-0.0385,0.0525,0.1304,0.2,2.7
3/11/2025,7:42:48 PM,38.90558057,-92.26833323,222.8736,2,12,0.1251,0.0999,0.3114,-0.038,0.0518,0.1285,0.4,2.7
3/11/2025,7:42:49 PM,38.90558058,-92.26833325,222.8686,2,12,0.1234,0.0986,0.3072,-0.0375,0.0511,0.1267,0.6,2.7
3/11/2025,7:42:49 PM,38.90558055,-92.26833331,222.8706,2,12,0.1217,0.0973,0.3031,-0.037,0.0505,0.125,0.8,2.7
3/11/2025,7:42:49 PM,38.90558057,-92.26833333,222.8644,2,12,0.1202,0.0961,0.2992,-0.0365,0.0499,0.1233,0,2.7
3/11/2025,7:42:49 PM,38.90558056,-92.26833336,222.8582,2,12,0.1186,0.0949,0.2954,-0.036,0.0493,0.1217,0.2,2.7
3/11/2025,7:42:49 PM,38.90558054,-92.26833337,222.8489,2,12,0.1172,0.0938,0.2918,-0.0356,0.0487,0.1201,0.4,2.8
3/11/2025,7:42:50 PM,38.90558052,-92.26833339,222.8394,2,12,0.1158,0.0927,0.2882,-0.0352,0.0482,0.1186,0.6,2.8
3/11/2025,7:42:50 PM,38.90558054,-92.26833342,222.8365,2,12,0.1144,0.0916,0.2848,-0.0348,0.0477,0.1171,0.8,2.8
3/11/2025,7:42:50 PM,38.90558052,-92.26833348,222.8337,2,12,0.1131,0.0906,0.2815,-0.0344,0.0471,0.1157,0,2.8
3/11/2025,7:42:50 PM,38.9055805,-92.2683335,222.817,2,12,0.1118,0.0896,0.2783,-0.034,0.0466,0.1143,0.2,2.9
3/11/2025,7:42:50 PM,38.90558046,-92.2683335,222.8012,2,12,0.1105,0.0887,0.2752,-0.0336,0.0462,0.1129,0.4,2.9
3/11/2025,7:42:51 PM,38.90558045,-92.26833352,222.7936,2,12,0.1093,0.0877,0.2722,-0.0333,0.0457,0.1116,0.6,3
3/11/2025,7:42:51 PM,38.9055804,-92.26833355,222.784,2,12,0.1082,0.0868,0.2693,-0.0329,0.0453,0.1104,0.8,3
3/11/2025,7:42:51 PM,38.90558041,-92.26833358,222.7918,2,12,0.107,0.086,0.2665,-0.0326,0.0448,0.1091,0,3
3/11/2025,7:42:51 PM,38.90557835,-92.2683396,221.4386,1,12,0.0047,0.0042,0.011,-0.0018,0.0011,0.0034,0.2,3
3/11/2025,7:42:51 PM,38.90557834,-92.26833999,221.4452,1,12,0.0047,0.0042,0.0111,-0.0018,0.0011,0.0034,0.4,3
3/11/2025,7:42:52 PM,38.90558051,-92.26833464,222.8086,2,12,0.1038,0.0835,0.2584,-0.0316,0.0435,0.1056,0.6,3
3/11/2025,7:42:52 PM,38.90558059,-92.26833542,222.8106,2,12,0.1028,0.0827,0.2559,-0.0313,0.0431,0.1044,0.8,3
3/11/2025,7:42:52 PM,38.90557845,-92.26834217,221.4794,1,12,0.0047,0.0042,0.011,-0.0018,0.0011,0.0034,0,3
3/11/2025,7:42:52 PM,38.90557842,-92.26834328,221.4875,1,12,0.0047,0.0042,0.0111,-0.0018,0.0011,0.0034,0.2,3
3/11/2025,7:42:52 PM,38.90557827,-92.26834518,221.4672,1,12,0.0047,0.0042,0.0111,-0.0018,0.0011,0.0034,0.4,3.1
3/11/2025,7:42:53 PM,38.90557834,-92.26834669,221.4659,1,12,0.0047,0.0042,0.0111,-0.0018,0.0011,0.0034,0.6,3.1
3/11/2025,7:42:53 PM,38.90557832,-92.26834846,221.4627,1,12,0.0048,0.0043,0.0112,-0.0018,0.0011,0.0034,0.8,3.1
3/11/2025,7:42:53 PM,38.90557822,-92.26835051,221.4528,1,12,0.0047,0.0042,0.0111,-0.0018,0.0011,0.0034,0,3.1
3/11/2025,7:42:53 PM,38.90557812,-92.26835248,221.4503,1,12,0.0047,0.0042,0.0111,-0.0018,0.0011,0.0034,0.2,3.1
3/11/2025,7:42:53 PM,38.90557801,-92.26835489,221.4162,1,12,0.0047,0.0042,0.0111,-0.0018,0.0011,0.0034,0.4,3.1
3/11/2025,7:42:54 PM,38.90557831,-92.26835715,221.3976,1,12,0.0047,0.0042,0.0111,-0.0018,0.0011,0.0034,0.6,3.1
3/11/2025,7:42:54 PM,38.90557847,-92.26835886,221.3935,1,12,0.0048,0.0043,0.0112,-0.0018,0.0011,0.0034,0.8,3.1
3/11/2025,7:42:54 PM,38.90557841,-92.26836093,221.3954,1,12,0.0047,0.0042,0.0111,-0.0018,0.0011,0.0034,0,3.2
3/11/2025,7:42:54 PM,38.9055787,-92.26836307,221.3946,1,12,0.0047,0.0042,0.0111,-0.0018,0.0011,0.0034,0.2,3.2
3/11/2025,7:42:54 PM,38.9055783,-92.26836491,221.3902,1,12,0.0047,0.0042,0.0111,-0.0018,0.0011,0.0034,0.4,3.2
3/11/2025,7:42:55 PM,38.90557804,-92.26836703,221.3624,1,12,0.0047,0.0042,0.0111,-0.0018,0.0011,0.0034,0.6,3.3
3/11/2025,7:42:55 PM,38.90557821,-92.26836881,221.3776,1,11,0.0049,0.0043,0.0114,-0.0016,0.0002,0.0031,0.8,3.3
3/11/2025,7:42:55 PM,38.90557834,-92.26837064,221.3793,1,12,0.0047,0.0042,0.0111,-0.0018,0.0011,0.0034,0,3.3
3/11/2025,7:42:55 PM,38.9055781,-92.26837223,221.3721,1,12,0.0047,0.0042,0.0111,-0.0018,0.0011,0.0034,0.2,3.3
3/11/2025,7:42:55 PM,38.90557803,-92.26837338,221.3776,1,12,0.0047,0.0042,0.0111,-0.0018,0.0011,0.0034,0.4,3.4
3/11/2025,7:42:56 PM,38.90557834,-92.26837467,221.3742,1,12,0.0047,0.0042,0.0111,-0.0018,0.0011,0.0034,0.6,3.4
3/11/2025,7:42:56 PM,38.90557817,-92.26837593,221.3648,1,12,0.0048,0.0043,0.0112,-0.0018,0.0011,0.0034,0.8,3.4
3/11/2025,7:42:56 PM,38.90557782,-92.26837704,221.3651,1,12,0.0047,0.0042,0.0111,-0.0018,0.0011,0.0034,0,3.5
3/11/2025,7:42:56 PM,38.90557809,-92.26837842,221.3706,1,12,0.0047,0.0042,0.0111,-0.0018,0.0011,0.0034,0.2,3.5
3/11/2025,7:42:56 PM,38.90557815,-92.26837997,221.3814,1,12,0.0047,0.0042,0.0111,-0.0018,0.0011,0.0034,0.4,3.6
3/11/2025,7:42:57 PM,38.90557792,-92.2683816,221.3808,1,12,0.0047,0.0042,0.0111,-0.0018,0.0011,0.0034,0.6,3.6
3/11/2025,7:42:57 PM,38.9055777,-92.2683835,221.3707,1,12,0.0048,0.0043,0.0112,-0.0018,0.0011,0.0034,0.8,3.7
3/11/2025,7:42:57 PM,38.90557744,-92.26838568,221.3624,1,12,0.0047,0.0042,0.0111,-0.0018,0.0011,0.0034,0,3.7
3/11/2025,7:42:57 PM,38.90557736,-92.26838753,221.3572,1,12,0.0047,0.0042,0.0111,-0.0018,0.0011,0.0034,0.2,3.7
3/11/2025,7:42:57 PM,38.90557748,-92.26838937,221.363,1,12,0.0047,0.0042,0.0111,-0.0018,0.0011,0.0034,0.4,3.8
3/11/2025,7:42:58 PM,38.90557727,-92.26839153,221.3663,1,12,0.0047,0.0042,0.0111,-0.0018,0.0011,0.0034,0.6,3.8
3/11/2025,7:42:58 PM,38.9055768,-92.26839374,221.355,1,12,0.0048,0.0043,0.0112,-0.0018,0.0011,0.0034,0.8,3.8
3/11/2025,7:42:58 PM,38.90557701,-92.26839563,221.3591,1,12,0.0047,0.0042,0.0111,-0.0018,0.0011,0.0034,0,3.9
3/11/2025,7:42:58 PM,38.90557713,-92.26839772,221.3537,1,12,0.0047,0.0042,0.0111,-0.0018,0.0011,0.0034,0.2,3.9
3/11/2025,7:42:58 PM,38.90557707,-92.26839974,221.353,1,12,0.0047,0.0042,0.0111,-0.0018,0.0011,0.0034,0.4,3.9
3/11/2025,7:42:59 PM,38.90557677,-92.26840168,221.356,1,12,0.0047,0.0042,0.0111,-0.0018,0.0011,0.0034,0.6,3.9
3/11/2025,7:42:59 PM,38.90557673,-92.26840356,221.3507,1,12,0.0048,0.0043,0.0112,-0.0018,0.0011,0.0034,0.8,3.9
3/11/2025,7:42:59 PM,38.90557707,-92.26840529,221.3584,1,12,0.0047,0.0042,0.0111,-0.0018,0.0011,0.0034,0,3.9
3/11/2025,7:42:59 PM,38.90557667,-92.26840699,221.3703,1,12,0.0047,0.0042,0.0111,-0.0018,0.0011,0.0034,0.2,3.9
3/11/2025,7:42:59 PM,38.90557625,-92.26840892,221.356,1,12,0.0047,0.0042,0.0111,-0.0018,0.0011,0.0034,0.4,3.9
3/11/2025,7:43:00 PM,38.90557665,-92.2684108,221.3555,1,12,0.0047,0.0042,0.0111,-0.0018,0.0011,0.0034,0.6,4
3/11/2025,7:43:00 PM,38.90557672,-92.26841285,221.3492,1,12,0.0048,0.0043,0.0112,-0.0018,0.0011,0.0034,0.8,4
3/11/2025,7:43:00 PM,38.90557671,-92.2684146,221.349,1,12,0.0047,0.0042,0.0111,-0.0018,0.0011,0.0034,0,4.1
3/11/2025,7:43:00 PM,38.90557658,-92.26841608,221.3606,1,12,0.0047,0.0042,0.0111,-0.0018,0.0011,0.0034,0.2,4.1
3/11/2025,7:43:00 PM,38.90557671,-92.2684178,221.3507,1,12,0.0047,0.0042,0.0111,-0.0018,0.0011,0.0034,0.4,4.1
3/11/2025,7:43:01 PM,38.90557679,-92.26841905,221.3597,1,12,0.0047,0.0042,0.0111,-0.0018,0.0011,0.0034,0.6,4.2
3/11/2025,7:43:01 PM,38.90557651,-92.26842008,221.3599,1,12,0.0048,0.0043,0.0112,-0.0018,0.0011,0.0034,0.8,4.2
3/11/2025,7:43:01 PM,38.90557596,-92.26842137,221.3624,1,12,0.0047,0.0042,0.0111,-0.0018,0.0011,0.0034,0,4.2
3/11/2025,7:43:01 PM,38.90557593,-92.26842316,221.3569,1,12,0.0047,0.0042,0.0111,-0.0018,0.0011,0.0034,0.2,4.2
3/11/2025,7:43:01 PM,38.90557611,-92.26842471,221.3549,1,12,0.0047,0.0042,0.0111,-0.0018,0.0011,0.0034,0.4,4.2
3/11/2025,7:43:02 PM,38.90557573,-92.26842626,221.3593,1,12,0.0047,0.0042,0.0111,-0.0018,0.0011,0.0034,0.6,4.3
3/11/2025,7:43:02 PM,38.9055758,-92.26842802,221.3601,1,12,0.0048,0.0043,0.0112,-0.0018,0.0011,0.0034,0.8,4.2
3/11/2025,7:43:02 PM,38.90557586,-92.26842956,221.352,1,12,0.0047,0.0042,0.0111,-0.0018,0.0011,0.0034,0,4.2
3/11/2025,7:43:02 PM,38.9055758,-92.268431,221.3541,1,12,0.0048,0.0043,0.0113,-0.0016,0.0004,0.003,0.2,4.2
3/11/2025,7:43:02 PM,38.90557578,-92.26843251,221.357,1,12,0.0049,0.0043,0.0113,-0.0016,0.0004,0.003,0.4,4.2
3/11/2025,7:43:03 PM,38.90557568,-92.26843389,221.352,1,12,0.005,0.0043,0.0116,-0.0013,-0.0012,0.0024,0.6,4.2
3/11/2025,7:43:03 PM,38.90557529,-92.26843535,221.3461,1,12,0.0051,0.0043,0.0117,-0.0013,-0.0012,0.0024,0.8,4.2
3/11/2025,7:43:03 PM,38.90557516,-92.2684371,221.3552,1,12,0.005,0.0043,0.0116,-0.0013,-0.0012,0.0024,0,4.2
3/11/2025,7:43:03 PM,38.90557536,-92.26843873,221.363,1,12,0.005,0.0043,0.0116,-0.0013,-0.0012,0.0024,0.2,4.2
3/11/2025,7:43:03 PM,38.90557513,-92.26844038,221.35,1,12,0.005,0.0043,0.0116,-0.0013,-0.0012,0.0024,0.4,4.2
3/11/2025,7:43:04 PM,38.90557472,-92.26844205,221.3503,1,12,0.005,0.0043,0.0116,-0.0013,-0.0012,0.0024,0.6,4.2
3/11/2025,7:43:04 PM,38.90557484,-92.2684437,221.3569,1,12,0.0051,0.0043,0.0117,-0.0013,-0.0012,0.0024,0.8,4.2
3/11/2025,7:43:04 PM,38.90557498,-92.26844526,221.3628,1,12,0.005,0.0043,0.0116,-0.0013,-0.0012,0.0024,0,4.2
3/11/2025,7:43:04 PM,38.90557487,-92.26844707,221.3591,1,12,0.005,0.0043,0.0116,-0.0013,-0.0012,0.0024,0.2,4.2
3/11/2025,7:43:04 PM,38.90557484,-92.26844877,221.3561,1,12,0.005,0.0043,0.0116,-0.0013,-0.0012,0.0024,0.4,4.2
3/11/2025,7:43:05 PM,38.90557496,-92.26845064,221.3492,1,12,0.005,0.0043,0.0116,-0.0013,-0.0012,0.0024,0.6,4.1
3/11/2025,7:43:05 PM,38.90557444,-92.26845242,221.3499,1,12,0.0051,0.0043,0.0117,-0.0013,-0.0012,0.0024,0.8,4.1
3/11/2025,7:43:05 PM,38.90557427,-92.26845462,221.3427,1,12,0.005,0.0043,0.0116,-0.0013,-0.0012,0.0024,0,4.1
3/11/2025,7:43:05 PM,38.90557452,-92.26845707,221.3224,1,12,0.005,0.0043,0.0116,-0.0013,-0.0012,0.0024,0.2,4.1
3/11/2025,7:43:05 PM,38.90557444,-92.26845905,221.318,1,12,0.005,0.0043,0.0114,-0.0013,-0.0014,0.0023,0.4,4.1
3/11/2025,7:43:06 PM,38.90557447,-92.26846096,221.3247,1,12,0.005,0.0043,0.0113,-0.0014,-0.0016,0.0022,0.6,4.1
3/11/2025,7:43:06 PM,38.90557441,-92.26846317,221.3187,1,12,0.0051,0.0043,0.0113,-0.0014,-0.0016,0.0022,0.8,4.1
3/11/2025,7:43:06 PM,38.90557457,-92.26846534,221.3206,1,12,0.005,0.0043,0.0112,-0.0014,-0.0016,0.0021,0,4.1
3/11/2025,7:43:06 PM,38.90557435,-92.26846724,221.3224,1,12,0.005,0.0043,0.0111,-0.0014,-0.0016,0.0021,0.2,4.1
3/11/2025,7:43:06 PM,38.90557419,-92.26846944,221.3176,1,12,0.005,0.0043,0.0112,-0.0014,-0.0017,0.0021,0.4,4.1
3/11/2025,7:43:07 PM,38.90557455,-92.26847194,221.3059,1,12,0.005,0.0043,0.0112,-0.0014,-0.0017,0.0021,0.6,4.1
3/11/2025,7:43:07 PM,38.90557445,-92.26847428,221.2967,1,12,0.0051,0.0043,0.0112,-0.0014,-0.0017,0.0021,0.8,4.2
3/11/2025,7:43:07 PM,38.90557425,-92.26847647,221.292,1,12,0.005,0.0043,0.0111,-0.0014,-0.0017,0.0021,0,4.2
3/11/2025,7:43:07 PM,38.90557443,-92.26847865,221.3062,1,12,0.005,0.0043,0.0111,-0.0014,-0.0017,0.0021,0.2,4.2
3/11/2025,7:43:07 PM,38.90557424,-92.26848096,221.3053,1,12,0.005,0.0043,0.0111,-0.0014,-0.0017,0.0021,0.4,4.2
3/11/2025,7:43:08 PM,38.90557357,-92.26848303,221.304,1,12,0.005,0.0043,0.0111,-0.0014,-0.0017,0.0021,0.6,4.2
3/11/2025,7:43:08 PM,38.90557303,-92.26848508,221.2892,1,12,0.0051,0.0043,0.0112,-0.0014,-0.0017,0.0021,0.8,4.2
3/11/2025,7:43:08 PM,38.90557277,-92.26848708,221.2894,1,12,0.005,0.0043,0.0111,-0.0014,-0.0017,0.0021,0,4.2
3/11/2025,7:43:08 PM,38.90557269,-92.26848902,221.283,1,12,0.005,0.0043,0.0111,-0.0014,-0.0017,0.0021,0.2,4.2
3/11/2025,7:43:08 PM,38.90557268,-92.26849112,221.2527,1,12,0.005,0.0043,0.0111,-0.0014,-0.0017,0.0021,0.4,4.2
3/11/2025,7:43:09 PM,38.90557258,-92.26849263,221.2585,1,12,0.005,0.0043,0.0111,-0.0014,-0.0017,0.0021,0.6,4.2
3/11/2025,7:43:09 PM,38.90557266,-92.26849418,221.2586,1,12,0.005,0.0043,0.0112,-0.0014,-0.0017,0.0021,0.8,4.2
3/11/2025,7:43:09 PM,38.90557276,-92.2684959,221.2465,1,12,0.005,0.0043,0.0111,-0.0014,-0.0017,0.0021,0,4.2
3/11/2025,7:43:09 PM,38.9055728,-92.26849777,221.245,1,12,0.005,0.0043,0.0111,-0.0014,-0.0017,0.0021,0.2,4.2
3/11/2025,7:43:09 PM,38.90557278,-92.26849961,221.2507,1,12,0.005,0.0043,0.0111,-0.0014,-0.0017,0.0021,0.4,4.2
3/11/2025,7:43:10 PM,38.90557249,-92.2685019,221.2401,1,12,0.005,0.0043,0.0111,-0.0014,-0.0017,0.0021,0.6,4.2
3/11/2025,7:43:10 PM,38.90557206,-92.26850422,221.2454,1,12,0.005,0.0043,0.0112,-0.0014,-0.0017,0.0021,0.8,4.2
3/11/2025,7:43:10 PM,38.90557246,-92.26850689,221.2384,1,12,0.005,0.0043,0.0111,-0.0014,-0.0017,0.0021,0,4.2
3/11/2025,7:43:10 PM,38.9055724,-92.26850951,221.2245,1,12,0.005,0.0043,0.0111,-0.0014,-0.0017,0.0021,0.2,4.2
3/11/2025,7:43:10 PM,38.90557229,-92.26851192,221.2376,1,12,0.005,0.0043,0.0111,-0.0014,-0.0017,0.0021,0.4,4.2
3/11/2025,7:43:11 PM,38.90557192,-92.26851458,221.2407,1,12,0.005,0.0043,0.0111,-0.0014,-0.0017,0.0021,0.6,4.2
3/11/2025,7:43:11 PM,38.90557167,-92.26851715,221.2395,1,12,0.005,0.0043,0.0112,-0.0014,-0.0017,0.0021,0.8,4.2
3/11/2025,7:43:11 PM,38.90557151,-92.26851955,221.2501,1,12,0.005,0.0043,0.0111,-0.0014,-0.0017,0.0021,0,4.2
3/11/2025,7:43:11 PM,38.90557129,-92.268522,221.2425,1,12,0.005,0.0043,0.0111,-0.0014,-0.0017,0.0021,0.2,4.2
3/11/2025,7:43:11 PM,38.90557113,-92.2685246,221.2338,1,12,0.005,0.0043,0.0111,-0.0014,-0.0017,0.0021,0.4,4.2
3/11/2025,7:43:12 PM,38.90557089,-92.26852685,221.2413,1,12,0.005,0.0043,0.0111,-0.0014,-0.0017,0.0021,0.6,4.2
3/11/2025,7:43:12 PM,38.90557063,-92.26852917,221.2455,1,12,0.005,0.0043,0.0112,-0.0014,-0.0017,0.0021,0.8,4.2
3/11/2025,7:43:12 PM,38.90557054,-92.26853129,221.2473,1,12,0.0049,0.0042,0.0109,-0.0016,-0.0014,0.0025,0,5
3/11/2025,7:43:12 PM,38.90557037,-92.26853332,221.2401,1,12,0.0048,0.0042,0.0107,-0.0017,-0.0013,0.0027,0.2,5.6
3/11/2025,7:43:12 PM,38.90557025,-92.26853521,221.2385,1,12,0.0047,0.0042,0.0106,-0.0018,-0.0014,0.0027,0.4,6.2
3/11/2025,7:43:13 PM,38.90557007,-92.2685373,221.2267,1,12,0.0047,0.0042,0.0105,-0.0018,-0.0014,0.0027,0.6,6.8
3/11/2025,7:43:13 PM,38.90556961,-92.26853935,221.2042,1,12,0.0047,0.0042,0.0105,-0.0019,-0.0014,0.0027,0.8,7.5
3/11/2025,7:43:13 PM,38.90556956,-92.26854138,221.2013,1,12,0.0047,0.0042,0.0107,-0.0018,-0.0008,0.0029,0,8.1
3/11/2025,7:43:13 PM,38.90556951,-92.26854347,221.1937,1,12,0.0047,0.0042,0.0107,-0.0018,-0.0008,0.003,0.2,8.9
3/11/2025,7:43:13 PM,38.90556936,-92.26854532,221.1898,1,12,0.0047,0.0042,0.0107,-0.0018,-0.0008,0.003,0.4,9.6
3/11/2025,7:43:14 PM,38.90556952,-92.2685471,221.1937,1,11,0.0049,0.0043,0.0108,-0.0016,-0.0012,0.0027,0.6,10.3
3/11/2025,7:43:14 PM,38.90556955,-92.26854899,221.1922,1,11,0.0049,0.0043,0.0109,-0.0016,-0.0012,0.0027,0.8,11.1
3/11/2025,7:43:14 PM,38.90556942,-92.26855072,221.1936,1,12,0.0047,0.0042,0.0107,-0.0018,-0.0007,0.003,0,11.9
3/11/2025,7:43:14 PM,38.90556922,-92.26855261,221.1877,1,12,0.0047,0.0042,0.0107,-0.0018,-0.0007,0.003,0.2,12.6
3/11/2025,7:43:14 PM,38.90556904,-92.26855485,221.1813,1,12,0.0047,0.0042,0.0107,-0.0018,-0.0007,0.003,0.4,13.5
3/11/2025,7:43:15 PM,38.90556912,-92.26855691,221.1851,1,12,0.0047,0.0042,0.0107,-0.0018,-0.0007,0.003,0.6,14.3
3/11/2025,7:43:15 PM,38.90556895,-92.26855902,221.1854,1,12,0.0047,0.0042,0.0107,-0.0019,-0.0007,0.0031,0.8,15.2
3/11/2025,7:43:15 PM,38.90556883,-92.2685611,221.1817,1,12,0.0047,0.0042,0.0107,-0.0018,-0.0007,0.003,0,16.1
3/11/2025,7:43:15 PM,38.90556883,-92.26856333,221.177,1,12,0.0047,0.0042,0.0107,-0.0018,-0.0006,0.003,0.2,17
3/11/2025,7:43:15 PM,38.90556878,-92.26856531,221.176,1,12,0.0047,0.0042,0.0107,-0.0018,-0.0006,0.003,0.4,17.9
3/11/2025,7:43:16 PM,38.90556861,-92.26856728,221.1763,1,12,0.0047,0.0042,0.0107,-0.0018,-0.0007,0.0031,0.6,18.9
3/11/2025,7:43:16 PM,38.90556847,-92.2685695,221.1714,1,12,0.0047,0.0042,0.0107,-0.0019,-0.0007,0.0031,0.8,19.9
3/11/2025,7:43:16 PM,38.90556807,-92.26857138,221.1804,1,12,0.0047,0.0042,0.0106,-0.0018,-0.0006,0.003,0,20.9
3/11/2025,7:43:16 PM,38.90556773,-92.26857335,221.1805,1,12,0.0047,0.0042,0.0106,-0.0018,-0.0006,0.003,0.2,21.9
3/11/2025,7:43:16 PM,38.90556763,-92.26857531,221.1747,1,12,0.0047,0.0042,0.0107,-0.0018,-0.0006,0.003,0.4,22.9
3/11/2025,7:43:17 PM,38.90556779,-92.26857724,221.1795,1,12,0.0047,0.0042,0.0107,-0.0019,-0.0006,0.0031,0.6,24
3/11/2025,7:43:17 PM,38.90556771,-92.26857911,221.1733,1,12,0.0047,0.0042,0.0107,-0.0019,-0.0007,0.0031,0.8,25
3/11/2025,7:43:17 PM,38.90556731,-92.26858099,221.1759,1,12,0.0047,0.0042,0.0106,-0.0018,-0.0006,0.003,0,26.1
3/11/2025,7:43:17 PM,38.90556708,-92.26858285,221.1755,1,12,0.0047,0.0042,0.0106,-0.0018,-0.0006,0.003,0.2,27.2
3/11/2025,7:43:17 PM,38.90556718,-92.26858454,221.1806,1,12,0.0047,0.0042,0.0107,-0.0019,-0.0006,0.0031,0.4,28.2
3/11/2025,7:43:18 PM,38.90556696,-92.26858598,221.1768,1,12,0.0047,0.0042,0.0107,-0.0019,-0.0006,0.0031,0.6,29.3
3/11/2025,7:43:18 PM,38.90556662,-92.26858766,221.1716,1,12,0.0047,0.0042,0.0107,-0.0019,-0.0006,0.0031,0.8,30.4
3/11/2025,7:43:18 PM,38.90556681,-92.26858945,221.1754,1,12,0.0047,0.0042,0.0106,-0.0019,-0.0005,0.0031,0,3.4
3/11/2025,7:43:18 PM,38.90556659,-92.26859117,221.1689,1,12,0.0047,0.0042,0.0106,-0.0019,-0.0005,0.0031,0.2,4.3
3/11/2025,7:43:18 PM,38.90556666,-92.268593,221.1667,1,12,0.0047,0.0042,0.0106,-0.0019,-0.0005,0.0031,0.4,3.4
3/11/2025,7:43:19 PM,38.9055666,-92.26859503,221.1584,1,12,0.0047,0.0042,0.0107,-0.0019,-0.0005,0.0031,0.6,4.2
3/11/2025,7:43:19 PM,38.90556607,-92.26859712,221.1573,1,12,0.0047,0.0042,0.0107,-0.0019,-0.0006,0.0031,0.8,5.1
3/11/2025,7:43:19 PM,38.90556571,-92.26859926,221.1568,1,12,0.0047,0.0042,0.0106,-0.0019,-0.0005,0.0031,0,6
3/11/2025,7:43:19 PM,38.90556571,-92.2686012,221.152,1,12,0.0047,0.0042,0.0106,-0.0019,-0.0005,0.0031,0.2,6.9
3/11/2025,7:43:19 PM,38.90556596,-92.26860289,221.158,1,12,0.0047,0.0042,0.0106,-0.0019,-0.0005,0.0031,0.4,7.8
3/11/2025,7:43:20 PM,38.9055657,-92.26860466,221.1411,1,12,0.0047,0.0042,0.0107,-0.0019,-0.0005,0.0031,0.6,8.7
3/11/2025,7:43:20 PM,38.9055655,-92.26860606,221.1494,1,12,0.0047,0.0042,0.0107,-0.0019,-0.0006,0.0031,0.8,9.7
3/11/2025,7:43:20 PM,38.90556549,-92.26860759,221.1391,1,11,0.0048,0.0042,0.0105,-0.0017,-0.0015,0.0025,0,10.7
3/11/2025,7:43:20 PM,38.9055653,-92.2686089,221.1287,1,11,0.0048,0.0042,0.0105,-0.0017,-0.0016,0.0025,0.2,11.7
3/11/2025,7:43:20 PM,38.90556524,-92.26860984,221.1385,1,11,0.0048,0.0042,0.0105,-0.0017,-0.0016,0.0025,0.4,12.7
3/11/2025,7:43:21 PM,38.90556498,-92.26861054,221.1449,1,11,0.0048,0.0042,0.0105,-0.0017,-0.0016,0.0025,0.6,13.7
3/11/2025,7:43:21 PM,38.90556482,-92.2686112,221.1392,1,11,0.0048,0.0042,0.0105,-0.0018,-0.0016,0.0025,0.8,14.7
3/11/2025,7:43:21 PM,38.90556473,-92.26861161,221.1355,1,11,0.0048,0.0042,0.0107,-0.0017,-0.0012,0.0027,0,15.7
3/11/2025,7:43:21 PM,38.90556471,-92.2686118,221.1298,1,11,0.0048,0.0042,0.0107,-0.0017,-0.0011,0.0027,0.2,16.7
3/11/2025,7:43:21 PM,38.90556473,-92.26861176,221.1316,1,11,0.0048,0.0042,0.0108,-0.0017,-0.0011,0.0027,0.4,17.8
3/11/2025,7:43:22 PM,38.90556475,-92.26861163,221.133,1,11,0.0048,0.0042,0.0108,-0.0017,-0.0012,0.0027,0.6,18.9
3/11/2025,7:43:22 PM,38.90556478,-92.26861151,221.1311,1,11,0.0049,0.0043,0.0108,-0.0017,-0.0012,0.0028,0.8,19.9
3/11/2025,7:43:22 PM,38.90556478,-92.26861145,221.1372,1,11,0.0048,0.0042,0.0107,-0.0017,-0.0011,0.0027,0,21
3/11/2025,7:43:22 PM,38.90556478,-92.26861147,221.1403,1,11,0.0048,0.0042,0.0107,-0.0017,-0.0011,0.0027,0.2,22.1
3/11/2025,7:43:22 PM,38.90556479,-92.26861148,221.1363,1,11,0.0048,0.0042,0.0108,-0.0017,-0.0011,0.0027,0.4,23.1
3/11/2025,7:43:23 PM,38.90556477,-92.26861145,221.1387,1,11,0.0048,0.0042,0.0108,-0.0017,-0.0012,0.0027,0.6,24.3
3/11/2025,7:43:23 PM,38.90556478,-92.26861144,221.1412,1,11,0.0049,0.0043,0.0108,-0.0017,-0.0012,0.0028,0.8,25.4
3/11/2025,7:43:23 PM,38.90556479,-92.26861147,221.1397,1,11,0.0048,0.0042,0.0107,-0.0017,-0.0011,0.0027,0,26.5
3/11/2025,7:43:23 PM,38.90556478,-92.26861145,221.1393,1,11,0.0048,0.0042,0.0107,-0.0017,-0.0011,0.0027,0.2,27.6
3/11/2025,7:43:23 PM,38.90556478,-92.26861161,221.1386,1,11,0.0048,0.0042,0.0108,-0.0017,-0.0011,0.0027,0.4,28.8
3/11/2025,7:43:24 PM,38.9055647,-92.26861209,221.1392,1,11,0.0048,0.0042,0.0108,-0.0017,-0.0012,0.0027,0.6,29.9
3/11/2025,7:43:24 PM,38.90556467,-92.26861288,221.1424,1,11,0.0049,0.0043,0.0108,-0.0017,-0.0012,0.0028,0.8,31
3/11/2025,7:43:24 PM,38.90556465,-92.2686143,221.1421,1,12,0.0047,0.0042,0.0106,-0.0019,-0.0005,0.0031,0,15.1
3/11/2025,7:43:24 PM,38.90556445,-92.2686161,221.1357,1,12,0.0047,0.0042,0.0106,-0.0019,-0.0005,0.0031,0.2,16.2
3/11/2025,7:43:24 PM,38.90556424,-92.26861768,221.1473,1,12,0.0047,0.0042,0.0106,-0.0019,-0.0005,0.0031,0.4,17.3
3/11/2025,7:43:25 PM,38.90556466,-92.26861949,221.1703,1,12,0.0047,0.0042,0.0107,-0.0019,-0.0005,0.0031,0.6,18.5
3/11/2025,7:43:25 PM,38.90556609,-92.26862174,221.1708,1,12,0.0047,0.0042,0.0107,-0.0019,-0.0005,0.0031,0.8,19.7
3/11/2025,7:43:25 PM,38.90556599,-92.26862475,221.1566,1,12,0.0047,0.0042,0.0106,-0.0019,-0.0005,0.0031,0,20.7
3/11/2025,7:43:25 PM,38.90556605,-92.2686279,221.1416,1,12,0.0047,0.0042,0.0106,-0.0019,-0.0005,0.0031,0.2,21.9
3/11/2025,7:43:25 PM,38.90556694,-92.26863071,221.1513,1,12,0.0047,0.0042,0.0106,-0.0019,-0.0005,0.0031,0.4,23
3/11/2025,7:43:26 PM,38.90556739,-92.26863437,221.1495,1,12,0.0047,0.0042,0.0107,-0.0019,-0.0005,0.0031,0.6,24
3/11/2025,7:43:26 PM,38.90556901,-92.26863746,221.1567,1,12,0.0047,0.0042,0.0107,-0.0019,-0.0005,0.0031,0.8,25.1
3/11/2025,7:43:26 PM,38.90556935,-92.26864081,221.1491,1,11,0.0048,0.0042,0.0104,-0.0017,-0.0016,0.0025,0,43.1
3/11/2025,7:43:26 PM,38.9055703,-92.268644,221.1676,1,11,0.0048,0.0042,0.0104,-0.0017,-0.0016,0.0024,0.2,44.4
3/11/2025,7:43:26 PM,38.90557137,-92.26864718,221.1738,1,11,0.0048,0.0042,0.0104,-0.0017,-0.0016,0.0024,0.4,45.6
3/11/2025,7:43:27 PM,38.90557223,-92.26865029,221.1842,1,11,0.0048,0.0042,0.0105,-0.0017,-0.0016,0.0024,0.6,46.9
3/11/2025,7:43:27 PM,38.90557247,-92.26865397,221.1848,1,11,0.0048,0.0042,0.0105,-0.0018,-0.0016,0.0025,0.8,48.1
3/11/2025,7:43:27 PM,38.90557277,-92.26865789,221.1565,1,11,0.0048,0.0042,0.0104,-0.0017,-0.0016,0.0024,0,49.2
3/11/2025,7:43:27 PM,38.90557329,-92.268661,221.1648,1,11,0.0048,0.0042,0.0104,-0.0017,-0.0016,0.0024,0.2,50.4
3/11/2025,7:43:27 PM,38.90557393,-92.26866425,221.1666,1,11,0.0048,0.0042,0.0104,-0.0017,-0.0016,0.0024,0.4,51.6
3/11/2025,7:43:28 PM,38.9055735,-92.26866795,221.1575,1,11,0.0048,0.0042,0.0104,-0.0017,-0.0016,0.0024,0.6,52.8
3/11/2025,7:43:28 PM,38.9055723,-92.26867119,221.1481,1,11,0.0048,0.0042,0.0105,-0.0018,-0.0016,0.0025,0.8,54
3/11/2025,7:43:28 PM,38.90557128,-92.26867474,221.1341,1,10,0.0049,0.0043,0.0111,-0.0015,-0.0025,0.0016,0,55.2
3/11/2025,7:43:28 PM,38.9055702,-92.26867784,221.1216,1,11,0.0048,0.0042,0.0104,-0.0017,-0.0016,0.0024,0.2,56.7
3/11/2025,7:43:28 PM,38.90556874,-92.26868108,221.0918,1,11,0.0048,0.0042,0.0104,-0.0017,-0.0016,0.0024,0.4,57.9
3/11/2025,7:43:29 PM,38.90556721,-92.26868392,221.0793,1,11,0.0048,0.0042,0.0104,-0.0017,-0.0016,0.0024,0.6,59.2
3/11/2025,7:43:29 PM,38.9055655,-92.26868681,221.0549,1,11,0.0048,0.0042,0.0105,-0.0018,-0.0016,0.0025,0.8,60.4
3/11/2025,7:43:29 PM,38.9055639,-92.26868986,221.0093,1,10,0.0049,0.0043,0.0111,-0.0015,-0.0025,0.0016,0,61.6
3/11/2025,7:43:29 PM,38.90556248,-92.26869256,220.9987,1,11,0.0048,0.0042,0.0104,-0.0017,-0.0016,0.0024,0.2,63.1
3/11/2025,7:43:29 PM,38.90555957,-92.2686941,220.9887,1,11,0.0048,0.0042,0.0104,-0.0017,-0.0016,0.0024,0.4,64.5
3/11/2025,7:43:30 PM,38.90555723,-92.26869529,221.002,1,11,0.0048,0.0042,0.0104,-0.0017,-0.0016,0.0024,0.6,66
3/11/2025,7:43:30 PM,38.90555496,-92.26869724,220.9834,1,11,0.0048,0.0042,0.0105,-0.0018,-0.0016,0.0025,0.8,67.5
3/11/2025,7:43:30 PM,38.90555269,-92.26869866,220.9963,1,11,0.0048,0.0042,0.0104,-0.0017,-0.0016,0.0024,0,3.4
3/11/2025,7:43:30 PM,38.90555069,-92.26869965,220.999,1,11,0.0048,0.0042,0.0104,-0.0017,-0.0016,0.0024,0.2,4.5
3/11/2025,7:43:30 PM,38.90554811,-92.26870065,220.9699,1,11,0.0048,0.0042,0.0104,-0.0017,-0.0016,0.0024,0.4,5.7
3/11/2025,7:43:31 PM,38.9055454,-92.26870108,220.9469,1,11,0.0048,0.0042,0.0104,-0.0018,-0.0016,0.0024,0.6,6.9
3/11/2025,7:43:31 PM,38.9055431,-92.26870197,220.9322,1,11,0.0048,0.0042,0.0105,-0.0018,-0.0017,0.0024,0.8,8.1
3/11/2025,7:43:31 PM,38.905541,-92.2687024,220.9353,1,11,0.0048,0.0042,0.0104,-0.0017,-0.0016,0.0024,0,9.3
3/11/2025,7:43:31 PM,38.9055382,-92.26870191,220.9066,1,11,0.0048,0.0042,0.0104,-0.0017,-0.0016,0.0024,0.2,10.5
3/11/2025,7:43:31 PM,38.90553601,-92.26870217,220.909,1,11,0.0048,0.0042,0.0104,-0.0017,-0.0016,0.0024,0.4,11.7
3/11/2025,7:43:32 PM,38.90553358,-92.26870244,220.8707,1,11,0.0048,0.0042,0.0104,-0.0018,-0.0016,0.0024,0.6,12.9
3/11/2025,7:43:32 PM,38.90553102,-92.2687015,220.8355,1,11,0.0048,0.0042,0.0105,-0.0018,-0.0017,0.0024,0.8,14.2
3/11/2025,7:43:32 PM,38.90552863,-92.26870011,220.8183,1,11,0.0048,0.0042,0.0104,-0.0017,-0.0016,0.0024,0,15.5
3/11/2025,7:43:32 PM,38.90552635,-92.26869851,220.8049,1,11,0.0048,0.0042,0.0104,-0.0017,-0.0016,0.0024,0.2,16.8
3/11/2025,7:43:32 PM,38.90552435,-92.26869686,220.7992,1,11,0.0048,0.0042,0.0104,-0.0017,-0.0016,0.0024,0.4,18.1
3/11/2025,7:43:33 PM,38.90552263,-92.26869505,220.8046,1,10,0.0049,0.0043,0.0111,-0.0015,-0.0026,0.0016,0.6,19.5
3/11/2025,7:43:33 PM,38.90552083,-92.26869291,220.8041,1,8,0.0056,0.0062,0.0131,-0.0037,0.0037,-0.0028,0.8,28.3
3/11/2025,7:43:33 PM,38.905519,-92.26869085,220.7815,1,9,0.005,0.0048,0.0119,-0.0022,0.0014,-0.0016,0,22.3
3/11/2025,7:43:33 PM,38.90551744,-92.26868827,220.7559,1,9,0.005,0.0048,0.0111,-0.0025,0.0019,0.0019,0.2,24.7
3/11/2025,7:43:33 PM,38.90551648,-92.26868541,220.7745,1,10,0.0051,0.0043,0.0108,-0.0017,-0.0022,0.0022,0.4,25.9
3/11/2025,7:43:34 PM,38.9055157,-92.26868307,220.8014,1,10,0.0048,0.0048,0.011,-0.0026,0.0019,0.0024,0.6,27.3
3/11/2025,7:43:34 PM,38.90551433,-92.2686804,220.7624,1,11,0.0048,0.0047,0.0109,-0.0025,0.0024,0.0021,0.8,27.7
3/11/2025,7:43:34 PM,38.9055134,-92.26867808,220.7514,1,9,0.0048,0.0049,0.0113,-0.0025,0.0026,0.0025,0,30.2
3/11/2025,7:43:34 PM,38.90551299,-92.26867556,220.7626,1,9,0.0048,0.0049,0.0114,-0.0025,0.0027,0.0026,0.2,31.6
3/11/2025,7:43:34 PM,38.90551293,-92.26867326,220.7781,1,12,0.0046,0.0042,0.0103,-0.002,-0.0012,0.0028,0.4,31.6
3/11/2025,7:43:35 PM,38.90551327,-92.2686702,220.7846,1,12,0.0047,0.0042,0.0103,-0.002,-0.0013,0.0028,0.6,33.1
3/11/2025,7:43:35 PM,38.90551317,-92.26866853,220.8075,1,12,0.0047,0.0042,0.0103,-0.002,-0.0013,0.0028,0.8,34.6
3/11/2025,7:43:35 PM,38.90551314,-92.26866674,220.8555,1,12,0.0046,0.0041,0.0102,-0.0019,-0.0012,0.0028,0,35.9
3/11/2025,7:43:35 PM,38.9055137,-92.26866419,220.8718,1,12,0.0046,0.0042,0.0102,-0.0019,-0.0012,0.0028,0.2,37.2
3/11/2025,7:43:35 PM,38.90551405,-92.26866197,220.8874,1,11,0.0047,0.0047,0.0108,-0.0024,0.0024,0.0021,0.4,38.9
3/11/2025,7:43:36 PM,38.90551449,-92.26865965,220.9007,1,12,0.0047,0.0042,0.0103,-0.002,-0.0012,0.0028,0.6,39.9
3/11/2025,7:43:36 PM,38.90551522,-92.26865687,220.9021,1,12,0.0047,0.0042,0.0103,-0.002,-0.0013,0.0028,0.8,41.2
3/11/2025,7:43:36 PM,38.90551632,-92.2686547,220.9012,1,12,0.0046,0.0041,0.0102,-0.0019,-0.0012,0.0028,0,42.6
3/11/2025,7:43:36 PM,38.90551692,-92.2686524,220.9085,1,12,0.0046,0.0042,0.0102,-0.0019,-0.0012,0.0028,0.2,43.9
3/11/2025,7:43:36 PM,38.90551744,-92.26864999,220.9242,1,12,0.0046,0.0042,0.0102,-0.0019,-0.0013,0.0028,0.4,45.4
3/11/2025,7:43:37 PM,38.90551833,-92.26864739,220.9186,1,12,0.0047,0.0042,0.0103,-0.0019,-0.0013,0.0028,0.6,46.9
3/11/2025,7:43:37 PM,38.90551936,-92.26864435,220.9064,1,12,0.0047,0.0042,0.0103,-0.002,-0.0013,0.0028,0.8,48.2
3/11/2025,7:43:37 PM,38.90552058,-92.26864205,220.9094,1,12,0.0046,0.0041,0.0102,-0.0019,-0.0012,0.0028,0,49.5
3/11/2025,7:43:37 PM,38.90552211,-92.26863959,220.9079,1,12,0.0046,0.0042,0.0102,-0.0019,-0.0012,0.0028,0.2,51
3/11/2025,7:43:37 PM,38.90552467,-92.26863779,220.9184,1,12,0.0046,0.0042,0.0102,-0.0019,-0.0013,0.0028,0.4,52.4
3/11/2025,7:43:38 PM,38.9055267,-92.26863627,220.9351,1,12,0.0047,0.0042,0.0103,-0.0019,-0.0013,0.0028,0.6,54.1
3/11/2025,7:43:38 PM,38.9055288,-92.26863466,220.9466,1,12,0.0047,0.0042,0.0103,-0.002,-0.0013,0.0028,0.8,55.5
3/11/2025,7:43:38 PM,38.90553148,-92.26863308,220.9245,1,12,0.0046,0.0041,0.0102,-0.0019,-0.0012,0.0028,0,56.9
3/11/2025,7:43:38 PM,38.90553417,-92.26863259,220.9372,1,12,0.0046,0.0042,0.0102,-0.0019,-0.0012,0.0028,0.2,58.5
3/11/2025,7:43:38 PM,38.90553655,-92.26863258,220.9913,1,12,0.0046,0.0042,0.0102,-0.0019,-0.0013,0.0028,0.4,60
3/11/2025,7:43:39 PM,38.90553913,-92.26863255,220.9803,1,12,0.0047,0.0042,0.0103,-0.0019,-0.0013,0.0028,0.6,61.4
3/11/2025,7:43:39 PM,38.90554144,-92.26863251,220.9756,1,12,0.0047,0.0042,0.0103,-0.002,-0.0013,0.0028,0.8,63
3/11/2025,7:43:39 PM,38.90554349,-92.26863269,220.9897,1,12,0.0046,0.0041,0.0102,-0.0019,-0.0012,0.0028,0,64.5
3/11/2025,7:43:39 PM,38.90554564,-92.26863293,221.0077,1,12,0.0046,0.0042,0.0102,-0.0019,-0.0012,0.0028,0.2,66
3/11/2025,7:43:39 PM,38.90554772,-92.26863284,221.0334,1,11,0.0048,0.0042,0.0104,-0.0017,-0.0016,0.0024,0.4,67.7
3/11/2025,7:43:40 PM,38.90554965,-92.26863321,221.0735,1,11,0.0048,0.0042,0.0104,-0.0018,-0.0016,0.0024,0.6,69.2
3/11/2025,7:43:40 PM,38.90555191,-92.26863323,221.0957,1,11,0.0048,0.0042,0.0105,-0.0018,-0.0016,0.0024,0.8,70.9
3/11/2025,7:43:40 PM,38.90555446,-92.26863282,221.0864,1,11,0.0048,0.0042,0.0104,-0.0017,-0.0016,0.0024,0,72.1
3/11/2025,7:43:40 PM,38.90555656,-92.26863128,221.0956,1,11,0.0048,0.0042,0.0104,-0.0017,-0.0016,0.0024,0.2,73.7
3/11/2025,7:43:40 PM,38.9055586,-92.26862966,221.1047,1,11,0.0048,0.0042,0.0104,-0.0017,-0.0016,0.0024,0.4,75.2
3/11/2025,7:43:41 PM,38.90556044,-92.26862818,221.1178,1,12,0.0047,0.0042,0.0103,-0.0019,-0.0013,0.0028,0.6,73.9
3/11/2025,7:43:41 PM,38.90556209,-92.26862637,221.1285,1,12,0.0047,0.0042,0.0103,-0.002,-0.0013,0.0028,0.8,75.3
3/11/2025,7:43:41 PM,38.90556344,-92.26862428,221.1377,1,12,0.0046,0.0041,0.0102,-0.0019,-0.0012,0.0028,0,76.9
3/11/2025,7:43:41 PM,38.90556515,-92.26862208,221.1316,1,11,0.0048,0.0042,0.0104,-0.0017,-0.0016,0.0024,0.2,81.4
3/11/2025,7:43:41 PM,38.90556645,-92.26861943,221.133,1,12,0.0046,0.0042,0.0102,-0.0019,-0.0013,0.0028,0.4,78.6
3/11/2025,7:43:42 PM,38.90556749,-92.2686171,221.1601,1,12,0.0047,0.0042,0.0103,-0.0019,-0.0013,0.0028,0.6,80.3
3/11/2025,7:43:42 PM,38.90556881,-92.26861465,221.1596,1,12,0.0047,0.0042,0.0103,-0.002,-0.0013,0.0028,0.8,81.8
3/11/2025,7:43:42 PM,38.90556985,-92.26861203,221.1662,1,12,0.0046,0.0041,0.0102,-0.0019,-0.0012,0.0028,0,83.3
3/11/2025,7:43:42 PM,38.90557006,-92.2686086,221.1677,1,12,0.0046,0.0041,0.0102,-0.0019,-0.0012,0.0028,0.2,84.9
3/11/2025,7:43:42 PM,38.90557019,-92.26860567,221.1807,1,12,0.0046,0.0042,0.0102,-0.0019,-0.0012,0.0028,0.4,86.5
3/11/2025,7:43:43 PM,38.9055704,-92.26860254,221.1762,1,12,0.0047,0.0042,0.0103,-0.0019,-0.0013,0.0028,0.6,88.1
3/11/2025,7:43:43 PM,38.90557038,-92.2685997,221.1754,1,12,0.0047,0.0042,0.0103,-0.002,-0.0013,0.0028,0.8,89.7
3/11/2025,7:43:43 PM,38.90556995,-92.26859653,221.1725,1,12,0.0046,0.0041,0.0102,-0.0019,-0.0012,0.0028,0,91
3/11/2025,7:43:43 PM,38.90556878,-92.26859324,221.1551,1,12,0.0046,0.0041,0.0102,-0.0019,-0.0012,0.0028,0.2,92.8
3/11/2025,7:43:43 PM,38.90556861,-92.26859114,221.175,1,12,0.0046,0.0042,0.0102,-0.0019,-0.0012,0.0028,0.4,94.4
3/11/2025,7:43:44 PM,38.90556801,-92.26858832,221.1838,1,12,0.0047,0.0042,0.0103,-0.0019,-0.0013,0.0028,0.6,96
3/11/2025,7:43:44 PM,38.90556788,-92.26858578,221.1833,1,12,0.0047,0.0042,0.0103,-0.002,-0.0013,0.0028,0.8,97.8
3/11/2025,7:43:44 PM,38.90556796,-92.26858382,221.1925,1,12,0.0047,0.0042,0.0106,-0.0019,-0.0004,0.003,0,100.1
3/11/2025,7:43:44 PM,38.90556732,-92.26858181,221.1994,1,12,0.0047,0.0042,0.0106,-0.0019,-0.0003,0.0031,0.2,101.7
3/11/2025,7:43:44 PM,38.90556717,-92.2685802,221.1922,1,11,0.0048,0.0042,0.0107,-0.0017,-0.0011,0.0027,0.4,180.2
3/11/2025,7:43:45 PM,38.90556738,-92.26857879,221.1827,1,11,0.0048,0.0042,0.0108,-0.0017,-0.0011,0.0027,0.6,182.2
3/11/2025,7:43:45 PM,38.90556738,-92.26857775,221.1857,1,11,0.0048,0.0042,0.0105,-0.0018,-0.0016,0.0024,0.8,104.4
3/11/2025,7:43:45 PM,38.90556745,-92.26857694,221.1809,1,11,0.0048,0.0042,0.0104,-0.0017,-0.0016,0.0024,0,105.8
3/11/2025,7:43:45 PM,38.90556743,-92.26857621,221.1802,1,11,0.0048,0.0042,0.0104,-0.0017,-0.0016,0.0024,0.2,107.4
3/11/2025,7:43:45 PM,38.90556738,-92.2685756,221.1825,1,12,0.0046,0.0042,0.0102,-0.0019,-0.0012,0.0028,0.4,103.2
3/11/2025,7:43:46 PM,38.90556746,-92.26857529,221.1891,1,12,0.0047,0.0042,0.0103,-0.0019,-0.0013,0.0028,0.6,104.7
3/11/2025,7:43:46 PM,38.90556748,-92.26857521,221.1863,1,12,0.0047,0.0042,0.0103,-0.002,-0.0013,0.0028,0.8,106.1
3/11/2025,7:43:46 PM,38.90556747,-92.26857532,221.1838,1,12,0.0046,0.0041,0.0102,-0.0019,-0.0012,0.0028,0,107.5
3/11/2025,7:43:46 PM,38.90556744,-92.26857546,221.1857,1,12,0.0046,0.0041,0.0102,-0.0019,-0.0012,0.0028,0.2,109.1
3/11/2025,7:43:46 PM,38.90556741,-92.26857563,221.186,1,12,0.0046,0.0042,0.0102,-0.0019,-0.0012,0.0028,0.4,110.5
3/11/2025,7:43:47 PM,38.9055674,-92.26857576,221.1894,1,12,0.0047,0.0042,0.0103,-0.0019,-0.0012,0.0028,0.6,112.2
3/11/2025,7:43:47 PM,38.90556741,-92.26857581,221.1884,1,12,0.0047,0.0042,0.0103,-0.002,-0.0013,0.0028,0.8,113.8
3/11/2025,7:43:47 PM,38.90556738,-92.2685758,221.1883,1,12,0.0046,0.0041,0.0102,-0.0019,-0.0012,0.0028,0,115.2
3/11/2025,7:43:47 PM,38.9055674,-92.26857576,221.1868,1,12,0.0046,0.0041,0.0102,-0.0019,-0.0012,0.0028,0.2,116.7
3/11/2025,7:43:47 PM,38.90556739,-92.26857577,221.1877,1,12,0.0046,0.0042,0.0102,-0.0019,-0.0012,0.0028,0.4,118.1
3/11/2025,7:43:48 PM,38.90556739,-92.26857579,221.1858,1,12,0.0047,0.0042,0.0103,-0.0019,-0.0012,0.0028,0.6,119.6
3/11/2025,7:43:48 PM,38.90556738,-92.26857577,221.1909,1,12,0.0047,0.0042,0.0103,-0.002,-0.0013,0.0028,0.8,121.2
3/11/2025,7:43:48 PM,38.90556739,-92.26857576,221.1869,1,12,0.0046,0.0041,0.0102,-0.0019,-0.0012,0.0028,0,122.7
3/11/2025,7:43:48 PM,38.90556738,-92.26857577,221.185,1,12,0.0046,0.0041,0.0102,-0.0019,-0.0012,0.0028,0.2,124.1
3/11/2025,7:43:48 PM,38.90556738,-92.26857579,221.1836,1,12,0.0046,0.0042,0.0102,-0.0019,-0.0012,0.0028,0.4,125.6
3/11/2025,7:43:49 PM,38.90556739,-92.26857577,221.1859,1,12,0.0047,0.0042,0.0103,-0.0019,-0.0012,0.0028,0.6,127.1
3/11/2025,7:43:49 PM,38.90556744,-92.26857575,221.191,1,12,0.0047,0.0042,0.0103,-0.002,-0.0013,0.0028,0.8,128.6
3/11/2025,7:43:49 PM,38.90556744,-92.26857548,221.1894,1,12,0.0046,0.0041,0.0102,-0.0019,-0.0012,0.0028,0,130
3/11/2025,7:43:49 PM,38.90556749,-92.26857504,221.1975,1,12,0.0046,0.0041,0.0102,-0.0019,-0.0012,0.0028,0.2,131.2
3/11/2025,7:43:49 PM,38.90556752,-92.26857431,221.2067,1,12,0.0046,0.0042,0.0102,-0.0019,-0.0012,0.0028,0.4,132.6
3/11/2025,7:43:50 PM,38.90556748,-92.26857321,221.2094,1,12,0.0047,0.0042,0.0103,-0.0019,-0.0012,0.0028,0.6,134.2
3/11/2025,7:43:50 PM,38.90556749,-92.26857195,221.2102,1,12,0.0047,0.0042,0.0103,-0.002,-0.0013,0.0028,0.8,135.7
3/11/2025,7:43:50 PM,38.9055674,-92.2685704,221.1981,1,12,0.0046,0.0041,0.0102,-0.0019,-0.0012,0.0028,0,136.9
3/11/2025,7:43:50 PM,38.90556731,-92.26856891,221.1917,1,12,0.0046,0.0041,0.0102,-0.0019,-0.0012,0.0028,0.2,138.3
3/11/2025,7:43:50 PM,38.90556704,-92.26856753,221.1977,1,12,0.0046,0.0042,0.0102,-0.0019,-0.0012,0.0028,0.4,139.7
3/11/2025,7:43:51 PM,38.90556711,-92.26856611,221.1947,1,12,0.0047,0.0042,0.0103,-0.0019,-0.0012,0.0028,0.6,141.2
3/11/2025,7:43:51 PM,38.90556708,-92.26856446,221.1873,1,12,0.0047,0.0042,0.0103,-0.002,-0.0013,0.0028,0.8,142.3
3/11/2025,7:43:51 PM,38.9055666,-92.26856294,221.1814,1,12,0.0046,0.0041,0.0102,-0.0019,-0.0012,0.0028,0,143.3
3/11/2025,7:43:51 PM,38.90556671,-92.26856148,221.184,1,12,0.0046,0.0041,0.0102,-0.0019,-0.0012,0.0028,0.2,144.7
3/11/2025,7:43:51 PM,38.90556696,-92.2685602,221.1945,1,12,0.0046,0.0042,0.0102,-0.0019,-0.0012,0.0028,0.4,146.1
3/11/2025,7:43:52 PM,38.90556714,-92.26855874,221.201,1,12,0.0047,0.0042,0.0103,-0.0019,-0.0012,0.0028,0.6,147.5
3/11/2025,7:43:52 PM,38.90556735,-92.26855698,221.1917,1,12,0.0047,0.0042,0.0103,-0.002,-0.0013,0.0028,0.8,148.9
3/11/2025,7:43:52 PM,38.90556726,-92.26855517,221.1818,1,12,0.0046,0.0041,0.0102,-0.0019,-0.0012,0.0028,0,150.1
3/11/2025,7:43:52 PM,38.90556713,-92.26855359,221.1824,1,12,0.0046,0.0041,0.0102,-0.0019,-0.0012,0.0028,0.2,151.4
3/11/2025,7:43:52 PM,38.9055672,-92.26855173,221.1812,1,12,0.0046,0.0042,0.0102,-0.0019,-0.0012,0.0028,0.4,152.9
3/11/2025,7:43:53 PM,38.90556707,-92.26855007,221.1901,1,12,0.0047,0.0042,0.0103,-0.0019,-0.0012,0.0028,0.6,154.2
3/11/2025,7:43:53 PM,38.90556731,-92.26854848,221.1927,1,12,0.0047,0.0042,0.0103,-0.002,-0.0013,0.0028,0.8,155.8
3/11/2025,7:43:53 PM,38.90556757,-92.26854695,221.1998,1,12,0.0046,0.0041,0.0102,-0.0019,-0.0012,0.0028,0,157.1
3/11/2025,7:43:53 PM,38.90556761,-92.26854544,221.2041,1,12,0.0046,0.0041,0.0102,-0.0019,-0.0012,0.0028,0.2,158.4
3/11/2025,7:43:53 PM,38.90556784,-92.26854386,221.2125,1,12,0.0046,0.0042,0.0102,-0.0019,-0.0012,0.0028,0.4,159.5
3/11/2025,7:43:54 PM,38.9055681,-92.2685419,221.214,1,12,0.0047,0.0042,0.0103,-0.0019,-0.0012,0.0028,0.6,160.6
3/11/2025,7:43:54 PM,38.90556823,-92.26854004,221.2213,1,12,0.0047,0.0042,0.0103,-0.002,-0.0013,0.0028,0.8,161.7
3/11/2025,7:43:54 PM,38.9055685,-92.268538,221.2349,1,12,0.0046,0.0041,0.0102,-0.0019,-0.0012,0.0028,0,162.8
3/11/2025,7:43:54 PM,38.90556868,-92.2685357,221.2339,1,12,0.0046,0.0041,0.0102,-0.0019,-0.0012,0.0028,0.2,164.1
3/11/2025,7:43:54 PM,38.90556894,-92.26853362,221.236,1,12,0.0046,0.0042,0.0102,-0.0019,-0.0012,0.0028,0.4,165.3
3/11/2025,7:43:55 PM,38.90556943,-92.26853116,221.2349,1,12,0.0047,0.0042,0.0103,-0.0019,-0.0012,0.0028,0.6,166.6
3/11/2025,7:43:55 PM,38.90556961,-92.26852922,221.2536,1,12,0.0047,0.0042,0.0103,-0.002,-0.0013,0.0028,0.8,168.2
3/11/2025,7:43:55 PM,38.90556978,-92.26852694,221.2527,1,12,0.0047,0.0042,0.0106,-0.0019,-0.0003,0.003,0,170.3
3/11/2025,7:43:55 PM,38.90556977,-92.2685251,221.2586,1,12,0.0047,0.0042,0.0106,-0.0019,-0.0002,0.003,0.2,171.9
3/11/2025,7:43:55 PM,38.90556996,-92.26852313,221.2578,1,12,0.0047,0.0042,0.0106,-0.0019,-0.0002,0.0031,0.4,173.3
3/11/2025,7:43:56 PM,38.90557,-92.26852087,221.2519,1,12,0.0047,0.0042,0.0106,-0.0019,-0.0003,0.0031,0.6,174.7
3/11/2025,7:43:56 PM,38.90557014,-92.26851891,221.2585,1,12,0.0047,0.0042,0.0107,-0.0019,-0.0003,0.0031,0.8,176.1
3/11/2025,7:43:56 PM,38.90557013,-92.2685163,221.2512,1,12,0.0046,0.0041,0.0102,-0.0019,-0.0012,0.0028,0,173
3/11/2025,7:43:56 PM,38.90557026,-92.26851408,221.2472,1,12,0.0046,0.0041,0.0102,-0.0019,-0.0012,0.0028,0.2,174.1
3/11/2025,7:43:56 PM,38.90557064,-92.26851209,221.2447,1,12,0.0046,0.0042,0.0102,-0.0019,-0.0012,0.0028,0.4,175.2
3/11/2025,7:43:57 PM,38.90557085,-92.26851018,221.2372,1,12,0.0047,0.0042,0.0103,-0.0019,-0.0012,0.0028,0.6,176.7
3/11/2025,7:43:57 PM,38.90557063,-92.26850839,221.2341,1,12,0.0047,0.0042,0.0103,-0.002,-0.0012,0.0028,0.8,178.2
3/11/2025,7:43:57 PM,38.90557055,-92.26850661,221.2347,1,12,0.0046,0.0041,0.0102,-0.0019,-0.0012,0.0028,0,179.6
3/11/2025,7:43:57 PM,38.90557053,-92.26850505,221.2328,1,12,0.0046,0.0041,0.0102,-0.0019,-0.0012,0.0028,0.2,181.1
3/11/2025,7:43:57 PM,38.90557076,-92.26850352,221.2354,1,12,0.0046,0.0042,0.0102,-0.0019,-0.0012,0.0028,0.4,182.3
3/11/2025,7:43:58 PM,38.90557075,-92.26850176,221.2364,1,12,0.0047,0.0042,0.0103,-0.0019,-0.0012,0.0028,0.6,183.6
3/11/2025,7:43:58 PM,38.90557092,-92.26849996,221.2471,1,12,0.0047,0.0042,0.0103,-0.002,-0.0012,0.0028,0.8,185.2
3/11/2025,7:43:58 PM,38.90557147,-92.26849821,221.2528,1,12,0.0046,0.0041,0.0102,-0.0019,-0.0012,0.0028,0,186.8
3/11/2025,7:43:58 PM,38.90557135,-92.26849628,221.248,1,12,0.0046,0.0041,0.0102,-0.0019,-0.0012,0.0028,0.2,188.5
3/11/2025,7:43:58 PM,38.9055712,-92.2684945,221.2497,1,12,0.0046,0.0042,0.0102,-0.0019,-0.0012,0.0028,0.4,190.1
3/11/2025,7:43:59 PM,38.90557133,-92.26849287,221.2553,1,12,0.0047,0.0042,0.0103,-0.0019,-0.0012,0.0028,0.6,191.7
3/11/2025,7:43:59 PM,38.90557132,-92.26849122,221.2581,1,12,0.0047,0.0042,0.0103,-0.002,-0.0012,0.0028,0.8,193.3
3/11/2025,7:43:59 PM,38.90557175,-92.26848973,221.2634,1,12,0.0046,0.0041,0.0102,-0.0019,-0.0012,0.0028,0,194.4
3/11/2025,7:43:59 PM,38.90557168,-92.26848826,221.2673,1,12,0.0046,0.0041,0.0102,-0.0019,-0.0012,0.0028,0.2,195.6
3/11/2025,7:43:59 PM,38.90557173,-92.26848698,221.2656,1,12,0.0046,0.0042,0.0102,-0.0019,-0.0012,0.0028,0.4,197.1
3/11/2025,7:44:00 PM,38.905572,-92.26848562,221.2679,1,12,0.0047,0.0042,0.0103,-0.0019,-0.0012,0.0028,0.6,198.7
3/11/2025,7:44:00 PM,38.90557213,-92.26848432,221.274,1,12,0.0047,0.0042,0.0103,-0.002,-0.0012,0.0028,0.8,200
3/11/2025,7:44:00 PM,38.90557225,-92.26848308,221.2813,1,12,0.0046,0.0041,0.0102,-0.0019,-0.0012,0.0028,0,201.1
3/11/2025,7:44:00 PM,38.90557222,-92.26848176,221.2837,1,12,0.0046,0.0041,0.0102,-0.0019,-0.0012,0.0028,0.2,202.6
3/11/2025,7:44:00 PM,38.90557228,-92.26848052,221.2908,1,12,0.0046,0.0042,0.0102,-0.0019,-0.0012,0.0028,0.4,204.1
3/11/2025,7:44:01 PM,38.90557224,-92.26847905,221.2928,1,12,0.0047,0.0042,0.0103,-0.0019,-0.0012,0.0028,0.6,205.5
3/11/2025,7:44:01 PM,38.90557238,-92.2684777,221.2999,1,12,0.0047,0.0042,0.0103,-0.002,-0.0012,0.0028,0.8,206.5
3/11/2025,7:44:01 PM,38.90557251,-92.26847639,221.302,1,12,0.0046,0.0041,0.0102,-0.0019,-0.0012,0.0028,0,208.1
3/11/2025,7:44:01 PM,38.90557277,-92.2684749,221.3013,1,12,0.0046,0.0041,0.0102,-0.0019,-0.0012,0.0028,0.2,209.5
3/11/2025,7:44:01 PM,38.9055728,-92.26847353,221.3099,1,12,0.0046,0.0042,0.0102,-0.0019,-0.0012,0.0028,0.4,210.6
3/11/2025,7:44:02 PM,38.90557284,-92.26847176,221.3161,1,12,0.0047,0.0042,0.0103,-0.0019,-0.0012,0.0028,0.6,211.6
3/11/2025,7:44:02 PM,38.90557276,-92.26847016,221.3228,1,12,0.0047,0.0042,0.0103,-0.002,-0.0012,0.0028,0.8,212.5
3/11/2025,7:44:02 PM,38.90557287,-92.26846852,221.308,1,12,0.0046,0.0041,0.0102,-0.0019,-0.0012,0.0028,0,213.8
3/11/2025,7:44:02 PM,38.905573,-92.2684669,221.3082,1,12,0.0046,0.0041,0.0102,-0.0019,-0.0012,0.0028,0.2,214.8
3/11/2025,7:44:02 PM,38.90557298,-92.26846496,221.3038,1,12,0.0046,0.0042,0.0102,-0.0019,-0.0012,0.0028,0.4,216.1
3/11/2025,7:44:03 PM,38.90557322,-92.26846346,221.3145,1,12,0.0047,0.0042,0.0103,-0.0019,-0.0012,0.0028,0.6,217.2
3/11/2025,7:44:03 PM,38.90557356,-92.26846206,221.3191,1,12,0.0047,0.0042,0.0103,-0.002,-0.0012,0.0028,0.8,218.4
3/11/2025,7:44:03 PM,38.90557379,-92.26846043,221.3238,1,12,0.0046,0.0041,0.0102,-0.0019,-0.0012,0.0028,0,219.4
3/11/2025,7:44:03 PM,38.9055739,-92.26845877,221.3338,1,12,0.0046,0.0041,0.0102,-0.0019,-0.0012,0.0028,0.2,220.7
3/11/2025,7:44:03 PM,38.90557384,-92.26845722,221.3374,1,12,0.0046,0.0042,0.0102,-0.0019,-0.0012,0.0028,0.4,222.2
3/11/2025,7:44:04 PM,38.90557338,-92.26845528,221.3289,1,12,0.0047,0.0042,0.0103,-0.0019,-0.0012,0.0028,0.6,223.2
3/11/2025,7:44:04 PM,38.9055737,-92.26845363,221.3442,1,12,0.0047,0.0042,0.0103,-0.002,-0.0012,0.0028,0.8,224.4
3/11/2025,7:44:04 PM,38.90557385,-92.26845153,221.34,1,12,0.0046,0.0041,0.0102,-0.0019,-0.0012,0.0028,0,225.5
3/11/2025,7:44:04 PM,38.90557379,-92.26844963,221.3384,1,12,0.0046,0.0041,0.0102,-0.0019,-0.0012,0.0028,0.2,226.7
3/11/2025,7:44:04 PM,38.90557412,-92.26844767,221.3393,1,12,0.0046,0.0042,0.0102,-0.0019,-0.0012,0.0028,0.4,228
3/11/2025,7:44:05 PM,38.90557439,-92.2684457,221.3408,1,12,0.0047,0.0042,0.0103,-0.0019,-0.0012,0.0028,0.6,229.5
3/11/2025,7:44:05 PM,38.90557441,-92.26844392,221.3418,1,12,0.0047,0.0042,0.0103,-0.002,-0.0012,0.0028,0.8,230.7
3/11/2025,7:44:05 PM,38.90557454,-92.26844235,221.3545,1,12,0.0046,0.0041,0.0102,-0.0019,-0.0012,0.0028,0,231.3
3/11/2025,7:44:05 PM,38.90557459,-92.26844088,221.3602,1,12,0.0046,0.0041,0.0102,-0.0019,-0.0012,0.0028,0.2,232.7
3/11/2025,7:44:05 PM,38.90557451,-92.2684393,221.3595,1,12,0.0046,0.0042,0.0102,-0.0019,-0.0012,0.0028,0.4,234.2
3/11/2025,7:44:06 PM,38.9055744,-92.26843788,221.3721,1,12,0.0047,0.0042,0.0103,-0.0019,-0.0012,0.0028,0.6,235.2
3/11/2025,7:44:06 PM,38.90557452,-92.26843621,221.363,1,12,0.0047,0.0042,0.0103,-0.002,-0.0012,0.0028,0.8,236.2
3/11/2025,7:44:06 PM,38.90557471,-92.26843466,221.3627,1,12,0.0046,0.0041,0.0102,-0.0019,-0.0012,0.0028,0,237.6
3/11/2025,7:44:06 PM,38.90557449,-92.26843317,221.3621,1,12,0.0046,0.0041,0.0102,-0.0019,-0.0012,0.0028,0.2,239
3/11/2025,7:44:06 PM,38.90557427,-92.26843133,221.3524,1,12,0.0046,0.0042,0.0102,-0.0019,-0.0012,0.0028,0.4,240.3
3/11/2025,7:44:07 PM,38.90557456,-92.26842967,221.3432,1,12,0.0047,0.0042,0.0103,-0.0019,-0.0012,0.0028,0.6,241.3
3/11/2025,7:44:07 PM,38.90557463,-92.26842821,221.3465,1,12,0.0047,0.0042,0.0103,-0.002,-0.0012,0.0028,0.8,242.5
3/11/2025,7:44:07 PM,38.90557473,-92.26842698,221.3524,1,12,0.0046,0.0041,0.0102,-0.0019,-0.0012,0.0028,0,243.8
3/11/2025,7:44:07 PM,38.90557475,-92.26842549,221.3448,1,12,0.0046,0.0041,0.0102,-0.0019,-0.0012,0.0028,0.2,245
3/11/2025,7:44:07 PM,38.90557471,-92.26842408,221.3402,1,12,0.0046,0.0042,0.0102,-0.0019,-0.0012,0.0028,0.4,246.3
3/11/2025,7:44:08 PM,38.90557466,-92.26842286,221.3475,1,12,0.0047,0.0042,0.0103,-0.0019,-0.0012,0.0028,0.6,247.7
3/11/2025,7:44:08 PM,38.90557482,-92.26842156,221.3537,1,12,0.0047,0.0042,0.0103,-0.002,-0.0012,0.0028,0.8,249
3/11/2025,7:44:08 PM,38.9055746,-92.26842007,221.3588,1,12,0.0046,0.0041,0.0102,-0.0019,-0.0012,0.0028,0,250.3
3/11/2025,7:44:08 PM,38.90557452,-92.26841835,221.3556,1,12,0.0046,0.0041,0.0102,-0.0019,-0.0012,0.0028,0.2,251.3
3/11/2025,7:44:08 PM,38.90557434,-92.26841652,221.3483,1,12,0.0046,0.0042,0.0102,-0.0019,-0.0012,0.0028,0.4,251.9
3/11/2025,7:44:09 PM,38.90557418,-92.2684144,221.3479,1,12,0.0047,0.0042,0.0102,-0.0019,-0.0012,0.0028,0.6,253.1
3/11/2025,7:44:09 PM,38.90557451,-92.26841266,221.3623,1,12,0.0047,0.0042,0.0103,-0.002,-0.0012,0.0028,0.8,254.4
3/11/2025,7:44:09 PM,38.90557452,-92.26841079,221.3585,1,12,0.0046,0.0041,0.0102,-0.0019,-0.0012,0.0028,0,255.6
3/11/2025,7:44:09 PM,38.90557468,-92.2684085,221.3543,1,12,0.0046,0.0041,0.0102,-0.0019,-0.0012,0.0028,0.2,256.4
3/11/2025,7:44:09 PM,38.90557485,-92.2684067,221.3618,1,12,0.0046,0.0042,0.0102,-0.0019,-0.0012,0.0028,0.4,257.5
3/11/2025,7:44:10 PM,38.90557502,-92.26840471,221.3556,1,12,0.0047,0.0042,0.0102,-0.0019,-0.0012,0.0028,0.6,259.1
3/11/2025,7:44:10 PM,38.90557539,-92.26840266,221.3685,1,12,0.0047,0.0042,0.0103,-0.002,-0.0012,0.0028,0.8,260.6
3/11/2025,7:44:10 PM,38.90557574,-92.26840038,221.3504,1,12,0.0046,0.0041,0.0102,-0.0019,-0.0012,0.0028,0,261.7
3/11/2025,7:44:10 PM,38.90557572,-92.26839837,221.3448,1,12,0.0046,0.0041,0.0102,-0.0019,-0.0012,0.0028,0.2,263.2
3/11/2025,7:44:10 PM,38.90557595,-92.26839637,221.3609,1,12,0.0046,0.0042,0.0102,-0.0019,-0.0012,0.0028,0.4,264.6
3/11/2025,7:44:11 PM,38.90557615,-92.26839454,221.3651,1,12,0.0047,0.0042,0.0102,-0.0019,-0.0012,0.0028,0.6,266.1
3/11/2025,7:44:11 PM,38.90557597,-92.26839259,221.3524,1,12,0.0047,0.0042,0.0103,-0.002,-0.0012,0.0028,0.8,267.7
3/11/2025,7:44:11 PM,38.90557619,-92.26839042,221.353,1,12,0.0046,0.0041,0.0102,-0.0019,-0.0012,0.0028,0,269.6
3/11/2025,7:44:11 PM,38.90557621,-92.2683886,221.37,1,12,0.0046,0.0041,0.0102,-0.0019,-0.0012,0.0028,0.2,271.3
3/11/2025,7:44:11 PM,38.90557634,-92.26838673,221.3752,1,12,0.0046,0.0042,0.0102,-0.0019,-0.0012,0.0028,0.4,272.5
3/11/2025,7:44:12 PM,38.90557655,-92.26838451,221.3633,1,12,0.0047,0.0042,0.0102,-0.0019,-0.0012,0.0028,0.6,274.4
3/11/2025,7:44:12 PM,38.90557696,-92.2683824,221.3533,1,12,0.0047,0.0042,0.0103,-0.002,-0.0012,0.0028,0.8,276.8
3/11/2025,7:44:12 PM,38.9055772,-92.26838083,221.3678,1,12,0.0046,0.0041,0.0102,-0.0019,-0.0012,0.0028,0,278.5
3/11/2025,7:44:12 PM,38.90557666,-92.26837911,221.3744,1,12,0.0046,0.0041,0.0102,-0.0019,-0.0012,0.0028,0.2,279.7
3/11/2025,7:44:12 PM,38.90557665,-92.26837723,221.3837,1,12,0.0046,0.0042,0.0102,-0.0019,-0.0012,0.0028,0.4,280.8
3/11/2025,7:44:13 PM,38.90557676,-92.26837537,221.383,1,12,0.0047,0.0042,0.0102,-0.0019,-0.0012,0.0028,0.6,281.9
3/11/2025,7:44:13 PM,38.90557688,-92.26837375,221.3809,1,12,0.0047,0.0042,0.0103,-0.002,-0.0012,0.0028,0.8,283.6
3/11/2025,7:44:13 PM,38.90557681,-92.26837222,221.3893,1,12,0.0046,0.0041,0.0102,-0.0019,-0.0012,0.0028,0,284.4
3/11/2025,7:44:13 PM,38.90557681,-92.26837044,221.3937,1,12,0.0046,0.0041,0.0102,-0.0019,-0.0012,0.0028,0.2,285
3/11/2025,7:44:13 PM,38.90557708,-92.26836859,221.3944,1,12,0.0046,0.0042,0.0102,-0.0019,-0.0012,0.0028,0.4,286.2
3/11/2025,7:44:14 PM,38.90557722,-92.26836699,221.4025,1,12,0.0047,0.0042,0.0102,-0.0019,-0.0012,0.0028,0.6,287.7
3/11/2025,7:44:14 PM,38.90557673,-92.26836525,221.3916,1,12,0.0047,0.0042,0.0103,-0.002,-0.0012,0.0028,0.8,289.3
3/11/2025,7:44:14 PM,38.90557694,-92.26836391,221.4078,1,12,0.0046,0.0041,0.0102,-0.0019,-0.0012,0.0028,0,290.5
3/11/2025,7:44:14 PM,38.90557693,-92.26836247,221.4053,1,12,0.0046,0.0041,0.0102,-0.0019,-0.0012,0.0028,0.2,291.8
3/11/2025,7:44:14 PM,38.90557708,-92.268361,221.4031,1,12,0.0046,0.0042,0.0102,-0.0019,-0.0012,0.0028,0.4,293.4
3/11/2025,7:44:15 PM,38.90557709,-92.26835937,221.4023,1,12,0.0047,0.0042,0.0102,-0.0019,-0.0012,0.0028,0.6,295.8
3/11/2025,7:44:15 PM,38.90557706,-92.26835792,221.4074,1,12,0.0047,0.0042,0.0103,-0.002,-0.0012,0.0028,0.8,298
3/11/2025,7:44:15 PM,38.90557696,-92.26835652,221.4004,1,12,0.0046,0.0041,0.0102,-0.0019,-0.0012,0.0028,0,299.5
3/11/2025,7:44:15 PM,38.90557702,-92.26835499,221.4052,1,11,0.0048,0.0042,0.0103,-0.0017,-0.0015,0.0024,0.2,302.2
3/11/2025,7:44:15 PM,38.90557702,-92.26835358,221.4082,1,11,0.0048,0.0042,0.0104,-0.0017,-0.0016,0.0024,0.4,303.5
3/11/2025,7:44:16 PM,38.90557704,-92.26835245,221.4254,1,12,0.0047,0.0042,0.0103,-0.0019,-0.0012,0.0028,0.6,303.9
3/11/2025,7:44:16 PM,38.90557712,-92.2683513,221.4359,1,12,0.0047,0.0042,0.0103,-0.002,-0.0012,0.0028,0.8,304.7
3/11/2025,7:44:16 PM,38.90557727,-92.26835019,221.4329,1,12,0.0046,0.0041,0.0102,-0.0019,-0.0012,0.0028,0,306.1
3/11/2025,7:44:16 PM,38.90557707,-92.26834862,221.4355,1,12,0.0046,0.0041,0.0102,-0.0019,-0.0012,0.0028,0.2,307.4
3/11/2025,7:44:16 PM,38.90557723,-92.26834696,221.4436,1,12,0.0046,0.0042,0.0102,-0.0019,-0.0012,0.0028,0.4,308.9
3/11/2025,7:44:17 PM,38.90557758,-92.26834512,221.4533,1,12,0.0047,0.0042,0.0102,-0.0019,-0.0012,0.0028,0.6,310.2
3/11/2025,7:44:17 PM,38.90557731,-92.26834303,221.4404,1,12,0.0047,0.0042,0.0103,-0.002,-0.0012,0.0028,0.8,311.4
3/11/2025,7:44:17 PM,38.90557735,-92.26834139,221.4609,1,12,0.0046,0.0041,0.0102,-0.0019,-0.0012,0.0028,0,311.5
3/11/2025,7:44:17 PM,38.9055771,-92.26833916,221.464,1,12,0.0046,0.0041,0.0102,-0.0019,-0.0012,0.0028,0.2,312.3
3/11/2025,7:44:17 PM,38.90557743,-92.26833701,221.464,1,12,0.0046,0.0042,0.0102,-0.0019,-0.0012,0.0028,0.4,313.4
3/11/2025,7:44:18 PM,38.90557733,-92.26833467,221.4526,1,11,0.0047,0.0042,0.0106,-0.0019,0.0001,0.003,0.6,314.1
3/11/2025,7:44:18 PM,38.90557762,-92.26833297,221.4857,1,12,0.0047,0.0042,0.0103,-0.002,-0.0012,0.0028,0.8,314.4
3/11/2025,7:44:18 PM,38.90557756,-92.26833064,221.4711,1,11,0.0047,0.0042,0.0105,-0.0019,0.0002,0.003,0,315.5
3/11/2025,7:44:18 PM,38.90557761,-92.26832805,221.4368,1,11,0.0047,0.0042,0.0106,-0.0019,0.0003,0.003,0.2,317.4
3/11/2025,7:44:18 PM,38.90557777,-92.26832569,221.4346,1,11,0.0048,0.0048,0.011,-0.0024,0.0027,0.0025,0.4,402.8
3/11/2025,7:44:19 PM,38.90557809,-92.2683235,221.4315,1,11,0.0048,0.0049,0.0111,-0.0024,0.0028,0.0025,0.6,406.2
3/11/2025,7:44:19 PM,38.90557811,-92.2683214,221.4449,1,11,0.0047,0.0042,0.0107,-0.0019,0.0005,0.0031,0.8,323.6
3/11/2025,7:44:19 PM,38.90557819,-92.26831884,221.424,1,12,0.0048,0.0048,0.0106,-0.0025,0.0022,0.0022,0,412.1
3/11/2025,7:44:19 PM,38.90557792,-92.26831719,221.4429,1,11,0.0048,0.0048,0.0112,-0.0024,0.0015,0.0015,0.2,415
3/11/2025,7:44:19 PM,38.90557808,-92.26831558,221.4603,1,12,0.0048,0.0048,0.0106,-0.0025,0.0023,0.0022,0.4,416.8
3/11/2025,7:44:20 PM,38.90557818,-92.2683139,221.4611,1,12,0.0047,0.0042,0.0103,-0.002,-0.0011,0.0028,0.6,330.2
3/11/2025,7:44:20 PM,38.90557813,-92.26831233,221.4561,1,12,0.0047,0.0042,0.0103,-0.002,-0.0012,0.0028,0.8,332.1
3/11/2025,7:44:20 PM,38.90557831,-92.26831104,221.4615,1,12,0.0046,0.0041,0.0102,-0.0019,-0.0012,0.0028,0,334.1
3/11/2025,7:44:20 PM,38.90557828,-92.26830996,221.4521,1,12,0.0046,0.0041,0.0102,-0.0019,-0.0012,0.0028,0.2,336.5
3/11/2025,7:44:20 PM,38.90557815,-92.26830944,221.454,1,12,0.0046,0.0042,0.0102,-0.0019,-0.0012,0.0028,0.4,338.7
3/11/2025,7:44:21 PM,38.90557816,-92.26830944,221.4578,1,13,0.0047,0.0042,0.0102,-0.0019,-0.0012,0.0028,0.6,340.7
3/11/2025,7:44:21 PM,38.9055782,-92.26830974,221.4565,1,13,0.0046,0.0042,0.0102,-0.0019,-0.0014,0.0029,0.8,343.1
3/11/2025,7:44:21 PM,38.90557825,-92.2683102,221.4545,1,13,0.0046,0.0041,0.01,-0.0019,-0.0015,0.003,0,345.4
3/11/2025,7:44:21 PM,38.90557826,-92.26831069,221.4526,1,13,0.0046,0.0041,0.01,-0.0018,-0.0015,0.003,0.2,347.5
3/11/2025,7:44:21 PM,38.90557827,-92.26831122,221.4584,1,13,0.0046,0.0041,0.01,-0.0018,-0.0015,0.0031,0.4,349.8
3/11/2025,7:44:22 PM,38.90557826,-92.26831156,221.4605,1,13,0.0046,0.0041,0.01,-0.0018,-0.0016,0.0031,0.6,352.1
3/11/2025,7:44:22 PM,38.90557823,-92.26831161,221.4623,1,13,0.0046,0.0042,0.01,-0.0019,-0.0016,0.0031,0.8,354.2
3/11/2025,7:44:22 PM,38.90557825,-92.26831143,221.4604,1,13,0.0046,0.0041,0.0099,-0.0018,-0.0015,0.0031,0,356.2
3/11/2025,7:44:22 PM,38.90557828,-92.2683112,221.4598,1,13,0.0046,0.0041,0.0099,-0.0018,-0.0016,0.0031,0.2,358.2
3/11/2025,7:44:22 PM,38.90557827,-92.26831115,221.4606,1,13,0.0046,0.0041,0.0099,-0.0018,-0.0016,0.0031,0.4,360.2
3/11/2025,7:44:23 PM,38.90557827,-92.26831119,221.4608,1,13,0.0046,0.0041,0.01,-0.0018,-0.0016,0.0031,0.6,362.4
3/11/2025,7:44:23 PM,38.90557829,-92.26831126,221.4622,1,13,0.0046,0.0042,0.01,-0.0018,-0.0016,0.0031,0.8,364.7
3/11/2025,7:44:23 PM,38.90557826,-92.26831129,221.462,1,13,0.0046,0.0041,0.0099,-0.0018,-0.0016,0.0031,0,366.5
3/11/2025,7:44:23 PM,38.90557826,-92.26831127,221.4569,1,13,0.0046,0.0041,0.0099,-0.0018,-0.0016,0.0031,0.2,368.6
3/11/2025,7:44:23 PM,38.90557829,-92.26831128,221.4613,1,13,0.0046,0.0041,0.0099,-0.0018,-0.0016,0.0031,0.4,370.5
3/11/2025,7:44:24 PM,38.90557829,-92.26831126,221.4585,1,13,0.0046,0.0041,0.01,-0.0018,-0.0016,0.0031,0.6,372.5
3/11/2025,7:44:24 PM,38.9055783,-92.26831127,221.4574,1,13,0.0046,0.0042,0.01,-0.0018,-0.0016,0.0031,0.8,374.4
3/11/2025,7:44:24 PM,38.90557823,-92.26831127,221.4618,1,13,0.0046,0.0041,0.0099,-0.0018,-0.0016,0.0031,0,376.5
3/11/2025,7:44:24 PM,38.90557824,-92.26831126,221.4582,1,13,0.0046,0.0041,0.0099,-0.0018,-0.0016,0.0031,0.2,378.5
3/11/2025,7:44:24 PM,38.90557825,-92.26831125,221.4609,1,13,0.0046,0.0041,0.0099,-0.0018,-0.0016,0.0031,0.4,380.2
3/11/2025,7:44:25 PM,38.90557825,-92.26831127,221.4586,1,13,0.0046,0.0041,0.0099,-0.0018,-0.0016,0.0031,0.6,382
3/11/2025,7:44:25 PM,38.90557825,-92.26831125,221.4601,1,13,0.0046,0.0042,0.01,-0.0018,-0.0016,0.0031,0.8,384.2
3/11/2025,7:44:25 PM,38.90557825,-92.26831126,221.4562,1,13,0.0046,0.0041,0.0099,-0.0018,-0.0016,0.0031,0,386.3
3/11/2025,7:44:25 PM,38.90557826,-92.26831126,221.4561,1,13,0.0046,0.0041,0.0099,-0.0018,-0.0016,0.0031,0.2,388.3
3/11/2025,7:44:25 PM,38.90557826,-92.26831126,221.4558,1,13,0.0046,0.0041,0.0099,-0.0018,-0.0016,0.0031,0.4,390.3
3/11/2025,7:44:26 PM,38.90557826,-92.26831125,221.457,1,13,0.0046,0.0041,0.0099,-0.0018,-0.0016,0.0031,0.6,392.3
3/11/2025,7:44:26 PM,38.90557826,-92.26831124,221.4572,1,13,0.0046,0.0042,0.01,-0.0018,-0.0016,0.0032,0.8,394.3
3/11/2025,7:44:26 PM,38.90557826,-92.26831127,221.4573,1,13,0.0046,0.0041,0.0099,-0.0018,-0.0016,0.0031,0,396.1
3/11/2025,7:44:26 PM,38.90557825,-92.26831123,221.4545,1,13,0.0046,0.0041,0.0099,-0.0018,-0.0016,0.0031,0.2,398
3/11/2025,7:44:26 PM,38.90557826,-92.26831123,221.4569,1,13,0.0046,0.0041,0.0099,-0.0018,-0.0016,0.0031,0.4,400
3/11/2025,7:44:27 PM,38.90557825,-92.26831123,221.4615,1,13,0.0046,0.0041,0.0099,-0.0018,-0.0016,0.0031,0.6,401.8
3/11/2025,7:44:27 PM,38.90557827,-92.26831123,221.4585,1,13,0.0046,0.0041,0.01,-0.0018,-0.0016,0.0032,0.8,403.9
3/11/2025,7:44:27 PM,38.90557826,-92.26831123,221.4609,1,13,0.0046,0.0041,0.0099,-0.0018,-0.0016,0.0031,0,406
3/11/2025,7:44:27 PM,38.90557826,-92.26831123,221.4589,1,13,0.0046,0.0041,0.0099,-0.0018,-0.0016,0.0031,0.2,408.3
3/11/2025,7:44:27 PM,38.90557826,-92.26831124,221.4628,1,13,0.0046,0.0041,0.0099,-0.0018,-0.0016,0.0031,0.4,410.5
3/11/2025,7:44:28 PM,38.90557827,-92.26831123,221.4621,1,13,0.0046,0.0041,0.0099,-0.0018,-0.0016,0.0031,0.6,412.6
3/11/2025,7:44:28 PM,38.90557826,-92.26831124,221.462,1,13,0.0046,0.0041,0.01,-0.0018,-0.0016,0.0032,0.8,414.9
3/11/2025,7:44:28 PM,38.90557825,-92.26831125,221.4624,1,13,0.0046,0.0041,0.0099,-0.0018,-0.0016,0.0031,0,417
3/11/2025,7:44:28 PM,38.90557827,-92.26831126,221.4617,1,13,0.0046,0.0041,0.0099,-0.0018,-0.0016,0.0031,0.2,3.4
3/11/2025,7:44:28 PM,38.90557827,-92.26831126,221.4619,1,13,0.0046,0.0041,0.0099,-0.0018,-0.0016,0.0031,0.4,4.9
3/11/2025,7:44:29 PM,38.90557828,-92.26831124,221.4628,1,13,0.0046,0.0041,0.0099,-0.0018,-0.0016,0.0031,0.6,5.2
3/11/2025,7:44:29 PM,38.90557828,-92.26831125,221.4637,1,13,0.0046,0.0041,0.01,-0.0018,-0.0016,0.0032,0.8,6.8
3/11/2025,7:44:29 PM,38.90557825,-92.26831126,221.456,1,13,0.0046,0.0041,0.0099,-0.0018,-0.0016,0.0031,0,8.4
3/11/2025,7:44:29 PM,38.90557824,-92.26831125,221.4582,1,13,0.0046,0.0041,0.0099,-0.0018,-0.0016,0.0031,0.2,10
3/11/2025,7:44:29 PM,38.90557825,-92.26831126,221.4589,1,13,0.0046,0.0041,0.0099,-0.0018,-0.0016,0.0031,0.4,11.6
3/11/2025,7:44:30 PM,38.90557824,-92.26831125,221.4582,1,13,0.0046,0.0041,0.0099,-0.0018,-0.0016,0.0031,0.6,13.2
3/11/2025,7:44:30 PM,38.90557826,-92.26831125,221.4604,1,13,0.0046,0.0041,0.01,-0.0018,-0.0016,0.0032,0.8,14.9
3/11/2025,7:44:30 PM,38.90557825,-92.26831126,221.4595,1,13,0.0046,0.0041,0.0099,-0.0018,-0.0016,0.0031,0,16.5
3/11/2025,7:44:30 PM,38.90557825,-92.26831127,221.457,1,13,0.0046,0.0041,0.0099,-0.0018,-0.0016,0.0031,0.2,18.2
3/11/2025,7:44:30 PM,38.90557825,-92.26831125,221.4577,1,13,0.0046,0.0041,0.0099,-0.0018,-0.0016,0.0031,0.4,19.8
3/11/2025,7:44:31 PM,38.90557825,-92.26831125,221.4572,1,13,0.0046,0.0041,0.0099,-0.0018,-0.0016,0.0031,0.6,21.5
3/11/2025,7:44:31 PM,38.90557826,-92.26831124,221.4584,1,13,0.0046,0.0041,0.01,-0.0018,-0.0016,0.0032,0.8,23.2
3/11/2025,7:44:31 PM,38.90557826,-92.26831126,221.4561,1,13,0.0046,0.0041,0.0099,-0.0018,-0.0016,0.0031,0,24.9
3/11/2025,7:44:31 PM,38.90557826,-92.26831128,221.4611,1,13,0.0046,0.0041,0.0099,-0.0018,-0.0016,0.0031,0.2,26.6
3/11/2025,7:44:31 PM,38.90557826,-92.26831127,221.4596,1,13,0.0046,0.0041,0.0099,-0.0018,-0.0016,0.0031,0.4,28.4
3/11/2025,7:44:32 PM,38.90557826,-92.26831127,221.4634,1,13,0.0046,0.0041,0.0099,-0.0018,-0.0016,0.0031,0.6,30.1
3/11/2025,7:44:32 PM,38.90557828,-92.26831124,221.4612,1,13,0.0046,0.0041,0.01,-0.0018,-0.0016,0.0032,0.8,31.8
3/11/2025,7:44:32 PM,38.90557826,-92.26831128,221.4576,1,13,0.0045,0.0041,0.0099,-0.0018,-0.0016,0.0031,0,33.5
3/11/2025,7:44:32 PM,38.90557825,-92.26831127,221.4579,1,13,0.0046,0.0041,0.0099,-0.0018,-0.0016,0.0031,0.2,35.3
3/11/2025,7:44:32 PM,38.90557826,-92.26831128,221.4587,1,13,0.0046,0.0041,0.0099,-0.0018,-0.0016,0.0031,0.4,37.1
3/11/2025,7:44:33 PM,38.90557826,-92.26831125,221.4608,1,13,0.0046,0.0041,0.0099,-0.0018,-0.0016,0.0031,0.6,38.8
3/11/2025,7:44:33 PM,38.90557825,-92.26831127,221.4582,1,13,0.0046,0.0041,0.01,-0.0018,-0.0016,0.0032,0.8,40.6
