latitude,longitude,rawdistance,datetime,,tare
38.90556,-92.26834667,7193,Tue Mar 11 2025 14:42:29 GMT-0500 (CDT),,7710
38.90556,-92.26834667,7183,Tue Mar 11 2025 14:42:30 GMT-0500 (CDT),,7710
38.90556,-92.26834667,7183,Tue Mar 11 2025 14:42:30 GMT-0500 (CDT),,7710
38.90556,-92.26834667,7057,Tue Mar 11 2025 14:42:30 GMT-0500 (CDT),,7710
38.90556,-92.26834667,7079,Tue Mar 11 2025 14:42:30 GMT-0500 (CDT),,7710
38.90556,-92.26834667,7080,Tue Mar 11 2025 14:42:30 GMT-0500 (CDT),,7710
38.90556,-92.26834667,7181,Tue Mar 11 2025 14:42:30 GMT-0500 (CDT),,7710
38.90556,-92.26834667,7110,Tue Mar 11 2025 14:42:30 GMT-0500 (CDT),,7710
38.90556,-92.26834667,7061,Tue Mar 11 2025 14:42:30 GMT-0500 (CDT),,7710
38.90556,-92.26834667,7164,Tue Mar 11 2025 14:42:30 GMT-0500 (CDT),,7710
38.90556,-92.26834667,7154,Tue Mar 11 2025 14:42:30 GMT-0500 (CDT),,7710
38.905539999999995,-92.26834667,6982,Tue Mar 11 2025 14:42:30 GMT-0500 (CDT),,7710
38.905539999999995,-92.26834667,7077,Tue Mar 11 2025 14:42:31 GMT-0500 (CDT),,7710
38.905539999999995,-92.26834667,7185,Tue Mar 11 2025 14:42:31 GMT-0500 (CDT),,7710
38.905539999999995,-92.26834667,7168,Tue Mar 11 2025 14:42:31 GMT-0500 (CDT),,7710
38.905539999999995,-92.26834667,7185,Tue Mar 11 2025 14:42:31 GMT-0500 (CDT),,7710
38.905539999999995,-92.26834667,6963,Tue Mar 11 2025 14:42:31 GMT-0500 (CDT),,7710
38.905539999999995,-92.26834667,7214,Tue Mar 11 2025 14:42:31 GMT-0500 (CDT),,7710
38.905539999999995,-92.26834667,7196,Tue Mar 11 2025 14:42:31 GMT-0500 (CDT),,7710
38.905539999999995,-92.26834667,7193,Tue Mar 11 2025 14:42:31 GMT-0500 (CDT),,7710
38.905539999999995,-92.26834667,7063,Tue Mar 11 2025 14:42:31 GMT-0500 (CDT),,7710
38.905539999999995,-92.26834667,7051,Tue Mar 11 2025 14:42:32 GMT-0500 (CDT),,7710
38.905539999999995,-92.26834667,7071,Tue Mar 11 2025 14:42:32 GMT-0500 (CDT),,7710
38.905539999999995,-92.26834667,6986,Tue Mar 11 2025 14:42:32 GMT-0500 (CDT),,7710
38.905539999999995,-92.26834667,7077,Tue Mar 11 2025 14:42:32 GMT-0500 (CDT),,7710
38.905539999999995,-92.26834667,6971,Tue Mar 11 2025 14:42:32 GMT-0500 (CDT),,7710
38.905539999999995,-92.26834667,7188,Tue Mar 11 2025 14:42:32 GMT-0500 (CDT),,7710
38.905539999999995,-92.26834667,7181,Tue Mar 11 2025 14:42:32 GMT-0500 (CDT),,7710
38.905539999999995,-92.26834667,7291,Tue Mar 11 2025 14:42:32 GMT-0500 (CDT),,7710
38.905539999999995,-92.26834667,7182,Tue Mar 11 2025 14:42:32 GMT-0500 (CDT),,7710
38.905539999999995,-92.26834667,7175,Tue Mar 11 2025 14:42:32 GMT-0500 (CDT),,7710
38.905539999999995,-92.26834667,7030,Tue Mar 11 2025 14:42:33 GMT-0500 (CDT),,7710
38.90555333333334,-92.26833667,7139,Tue Mar 11 2025 14:42:33 GMT-0500 (CDT),,7710
38.90555333333334,-92.26833667,7090,Tue Mar 11 2025 14:42:33 GMT-0500 (CDT),,7710
38.90555333333334,-92.26833667,6947,Tue Mar 11 2025 14:42:33 GMT-0500 (CDT),,7710
38.90555333333334,-92.26833667,6997,Tue Mar 11 2025 14:42:33 GMT-0500 (CDT),,7710
38.90555333333334,-92.26833667,7002,Tue Mar 11 2025 14:42:33 GMT-0500 (CDT),,7710
38.90555333333334,-92.26833667,7215,Tue Mar 11 2025 14:42:33 GMT-0500 (CDT),,7710
38.90555333333334,-92.26833667,7217,Tue Mar 11 2025 14:42:33 GMT-0500 (CDT),,7710
38.90555333333334,-92.26833667,7266,Tue Mar 11 2025 14:42:33 GMT-0500 (CDT),,7710
38.90555333333334,-92.26833667,7449,Tue Mar 11 2025 14:42:33 GMT-0500 (CDT),,7710
38.90555333333334,-92.26833667,7715,Tue Mar 11 2025 14:42:34 GMT-0500 (CDT),,7710
38.90556333333333,-92.26833333,8229,Tue Mar 11 2025 14:42:34 GMT-0500 (CDT),,7710
38.90556333333333,-92.26833333,8246,Tue Mar 11 2025 14:42:34 GMT-0500 (CDT),,7710
38.90556333333333,-92.26833333,7861,Tue Mar 11 2025 14:42:34 GMT-0500 (CDT),,7710
38.90556333333333,-92.26833333,7654,Tue Mar 11 2025 14:42:34 GMT-0500 (CDT),,7710
38.90556333333333,-92.26833333,7397,Tue Mar 11 2025 14:42:34 GMT-0500 (CDT),,7710
38.90556333333333,-92.26833333,7421,Tue Mar 11 2025 14:42:34 GMT-0500 (CDT),,7710
38.90556333333333,-92.26833333,7687,Tue Mar 11 2025 14:42:34 GMT-0500 (CDT),,7710
38.90556333333333,-92.26833333,7949,Tue Mar 11 2025 14:42:34 GMT-0500 (CDT),,7710
38.90556333333333,-92.26833333,8060,Tue Mar 11 2025 14:42:34 GMT-0500 (CDT),,7710
38.90556333333333,-92.26833333,8321,Tue Mar 11 2025 14:42:35 GMT-0500 (CDT),,7710
38.90556333333333,-92.26833333,8252,Tue Mar 11 2025 14:42:35 GMT-0500 (CDT),,7710
38.90556333333333,-92.26833333,8087,Tue Mar 11 2025 14:42:35 GMT-0500 (CDT),,7710
38.90556333333333,-92.26833333,7980,Tue Mar 11 2025 14:42:35 GMT-0500 (CDT),,7710
38.90556333333333,-92.26833333,7889,Tue Mar 11 2025 14:42:35 GMT-0500 (CDT),,7710
38.90556333333333,-92.26833333,7842,Tue Mar 11 2025 14:42:35 GMT-0500 (CDT),,7710
38.90556333333333,-92.26833333,7823,Tue Mar 11 2025 14:42:35 GMT-0500 (CDT),,7710
38.90556333333333,-92.26833333,7644,Tue Mar 11 2025 14:42:35 GMT-0500 (CDT),,7710
38.90556333333333,-92.26833333,7629,Tue Mar 11 2025 14:42:35 GMT-0500 (CDT),,7710
38.90556333333333,-92.26833333,7659,Tue Mar 11 2025 14:42:35 GMT-0500 (CDT),,7710
38.90556333333333,-92.26833333,7597,Tue Mar 11 2025 14:42:36 GMT-0500 (CDT),0.05,7710
38.905575,-92.268345,7638,Tue Mar 11 2025 14:42:36 GMT-0500 (CDT),0.14,7710
38.905575,-92.268345,7645,Tue Mar 11 2025 14:42:36 GMT-0500 (CDT),0.23,7710
38.905575,-92.268345,6138,Tue Mar 11 2025 14:42:36 GMT-0500 (CDT),0.32,7710
38.905575,-92.268345,6142,Tue Mar 11 2025 14:42:36 GMT-0500 (CDT),0.41,7710
38.905575,-92.268345,6234,Tue Mar 11 2025 14:42:36 GMT-0500 (CDT),0.5,7710
38.905575,-92.268345,6044,Tue Mar 11 2025 14:42:36 GMT-0500 (CDT),0.59,7710
38.905575,-92.268345,6151,Tue Mar 11 2025 14:42:36 GMT-0500 (CDT),0.68,7710
38.905575,-92.268345,7295,Tue Mar 11 2025 14:42:36 GMT-0500 (CDT),0.77,7710
38.905575,-92.268345,7453,Tue Mar 11 2025 14:42:36 GMT-0500 (CDT),0.86,7710
38.905575,-92.268345,7448,Tue Mar 11 2025 14:42:36 GMT-0500 (CDT),0.95,7710
38.905575,-92.268345,7431,Tue Mar 11 2025 14:42:37 GMT-0500 (CDT),,7710
38.905575,-92.268345,7560,Tue Mar 11 2025 14:42:37 GMT-0500 (CDT),,7710
38.905575,-92.268345,7619,Tue Mar 11 2025 14:42:37 GMT-0500 (CDT),,7710
38.905575,-92.268345,7625,Tue Mar 11 2025 14:42:37 GMT-0500 (CDT),,7710
38.905575,-92.268345,7690,Tue Mar 11 2025 14:42:37 GMT-0500 (CDT),,7710
38.905575,-92.268345,7542,Tue Mar 11 2025 14:42:37 GMT-0500 (CDT),,7710
38.905575,-92.268345,7533,Tue Mar 11 2025 14:42:37 GMT-0500 (CDT),,7710
38.905575,-92.268345,7494,Tue Mar 11 2025 14:42:37 GMT-0500 (CDT),,7710
38.905575,-92.268345,7582,Tue Mar 11 2025 14:42:37 GMT-0500 (CDT),,7710
38.905575,-92.268345,7588,Tue Mar 11 2025 14:42:38 GMT-0500 (CDT),,7710
38.90558333333333,-92.26836167,7575,Tue Mar 11 2025 14:42:38 GMT-0500 (CDT),,7710
38.90558333333333,-92.26836167,7560,Tue Mar 11 2025 14:42:38 GMT-0500 (CDT),,7710
38.90558333333333,-92.26836167,7587,Tue Mar 11 2025 14:42:38 GMT-0500 (CDT),,7710
38.90558333333333,-92.26836167,7730,Tue Mar 11 2025 14:42:38 GMT-0500 (CDT),,7710
38.90558333333333,-92.26836167,7595,Tue Mar 11 2025 14:42:38 GMT-0500 (CDT),,7710
38.90558333333333,-92.26836167,7670,Tue Mar 11 2025 14:42:38 GMT-0500 (CDT),,7710
38.90558333333333,-92.26836167,7562,Tue Mar 11 2025 14:42:38 GMT-0500 (CDT),,7710
38.90558333333333,-92.26836167,7580,Tue Mar 11 2025 14:42:38 GMT-0500 (CDT),,7710
38.90558333333333,-92.26836167,7740,Tue Mar 11 2025 14:42:38 GMT-0500 (CDT),,7710
38.90558333333333,-92.26836167,7687,Tue Mar 11 2025 14:42:39 GMT-0500 (CDT),,7710
38.90558333333333,-92.26836167,7420,Tue Mar 11 2025 14:42:39 GMT-0500 (CDT),,7710
38.90558333333333,-92.26836167,7389,Tue Mar 11 2025 14:42:39 GMT-0500 (CDT),,7710
38.90558333333333,-92.26836167,7610,Tue Mar 11 2025 14:42:39 GMT-0500 (CDT),,7710
38.90558333333333,-92.26836167,7567,Tue Mar 11 2025 14:42:39 GMT-0500 (CDT),,7710
38.90558333333333,-92.26836167,7528,Tue Mar 11 2025 14:42:39 GMT-0500 (CDT),,7710
38.90558333333333,-92.26836167,7597,Tue Mar 11 2025 14:42:39 GMT-0500 (CDT),,7710
38.90558333333333,-92.26836167,7576,Tue Mar 11 2025 14:42:39 GMT-0500 (CDT),,7710
38.90558333333333,-92.26836167,7488,Tue Mar 11 2025 14:42:39 GMT-0500 (CDT),,7710
38.90558333333333,-92.26836167,7516,Tue Mar 11 2025 14:42:39 GMT-0500 (CDT),,7710
38.90558333333333,-92.26836167,7315,Tue Mar 11 2025 14:42:40 GMT-0500 (CDT),,7710
38.905588333333334,-92.26838167,7506,Tue Mar 11 2025 14:42:40 GMT-0500 (CDT),,7710
38.905588333333334,-92.26838167,7532,Tue Mar 11 2025 14:42:40 GMT-0500 (CDT),,7710
38.905588333333334,-92.26838167,7382,Tue Mar 11 2025 14:42:40 GMT-0500 (CDT),,7710
38.905588333333334,-92.26838167,7403,Tue Mar 11 2025 14:42:40 GMT-0500 (CDT),,7710
38.905588333333334,-92.26838167,7551,Tue Mar 11 2025 14:42:40 GMT-0500 (CDT),,7710
38.905588333333334,-92.26838167,7728,Tue Mar 11 2025 14:42:40 GMT-0500 (CDT),,7710
38.905588333333334,-92.26838167,7744,Tue Mar 11 2025 14:42:40 GMT-0500 (CDT),,7710
38.905588333333334,-92.26838167,7480,Tue Mar 11 2025 14:42:40 GMT-0500 (CDT),,7710
38.905588333333334,-92.26838167,7611,Tue Mar 11 2025 14:42:40 GMT-0500 (CDT),,7710
38.905588333333334,-92.26838167,7522,Tue Mar 11 2025 14:42:41 GMT-0500 (CDT),,7710
38.90559,-92.26839333,7772,Tue Mar 11 2025 14:42:41 GMT-0500 (CDT),,7710
38.90559,-92.26839333,7836,Tue Mar 11 2025 14:42:41 GMT-0500 (CDT),,7710
38.90559,-92.26839333,7752,Tue Mar 11 2025 14:42:41 GMT-0500 (CDT),,7710
38.90559,-92.26839333,7722,Tue Mar 11 2025 14:42:41 GMT-0500 (CDT),,7710
38.90559,-92.26839333,7635,Tue Mar 11 2025 14:42:41 GMT-0500 (CDT),,7710
38.90559,-92.26839333,7531,Tue Mar 11 2025 14:42:41 GMT-0500 (CDT),,7710
38.90559,-92.26839333,7506,Tue Mar 11 2025 14:42:41 GMT-0500 (CDT),,7710
38.90559,-92.26839333,7465,Tue Mar 11 2025 14:42:41 GMT-0500 (CDT),,7710
38.90559,-92.26839333,7250,Tue Mar 11 2025 14:42:41 GMT-0500 (CDT),,7710
38.90559,-92.26839333,7392,Tue Mar 11 2025 14:42:42 GMT-0500 (CDT),,7710
38.90559,-92.26839333,7667,Tue Mar 11 2025 14:42:42 GMT-0500 (CDT),,7710
38.90559,-92.26839333,7934,Tue Mar 11 2025 14:42:42 GMT-0500 (CDT),,7710
38.90559,-92.26839333,7934,Tue Mar 11 2025 14:42:42 GMT-0500 (CDT),,7710
38.90559,-92.26839333,7705,Tue Mar 11 2025 14:42:42 GMT-0500 (CDT),,7710
38.90559,-92.26839333,7725,Tue Mar 11 2025 14:42:42 GMT-0500 (CDT),,7710
38.90559,-92.26839333,7696,Tue Mar 11 2025 14:42:42 GMT-0500 (CDT),,7710
38.90559,-92.26839333,7576,Tue Mar 11 2025 14:42:42 GMT-0500 (CDT),,7710
38.90559,-92.26839333,7563,Tue Mar 11 2025 14:42:42 GMT-0500 (CDT),,7710
38.90559,-92.26839333,7553,Tue Mar 11 2025 14:42:42 GMT-0500 (CDT),,7710
38.90559,-92.26839333,7711,Tue Mar 11 2025 14:42:43 GMT-0500 (CDT),,7710
38.905591666666666,-92.26841167,7816,Tue Mar 11 2025 14:42:43 GMT-0500 (CDT),,7710
38.905591666666666,-92.26841167,7683,Tue Mar 11 2025 14:42:43 GMT-0500 (CDT),,7710
38.905591666666666,-92.26841167,7572,Tue Mar 11 2025 14:42:43 GMT-0500 (CDT),,7710
38.905591666666666,-92.26841167,7543,Tue Mar 11 2025 14:42:43 GMT-0500 (CDT),,7710
38.905591666666666,-92.26841167,7456,Tue Mar 11 2025 14:42:43 GMT-0500 (CDT),,7710
38.905591666666666,-92.26841167,7581,Tue Mar 11 2025 14:42:43 GMT-0500 (CDT),,7710
38.905591666666666,-92.26841167,7594,Tue Mar 11 2025 14:42:43 GMT-0500 (CDT),,7710
38.905591666666666,-92.26841167,7538,Tue Mar 11 2025 14:42:43 GMT-0500 (CDT),,7710
38.905591666666666,-92.26841167,7523,Tue Mar 11 2025 14:42:43 GMT-0500 (CDT),,7710
38.905591666666666,-92.26841167,7702,Tue Mar 11 2025 14:42:44 GMT-0500 (CDT),,7710
38.905591666666666,-92.26841167,7613,Tue Mar 11 2025 14:42:44 GMT-0500 (CDT),,7710
38.905591666666666,-92.26841167,7601,Tue Mar 11 2025 14:42:44 GMT-0500 (CDT),,7710
38.905591666666666,-92.26841167,7523,Tue Mar 11 2025 14:42:44 GMT-0500 (CDT),,7710
38.905591666666666,-92.26841167,7507,Tue Mar 11 2025 14:42:44 GMT-0500 (CDT),,7710
38.905591666666666,-92.26841167,7501,Tue Mar 11 2025 14:42:44 GMT-0500 (CDT),,7710
38.905591666666666,-92.26841167,7554,Tue Mar 11 2025 14:42:44 GMT-0500 (CDT),,7710
38.905591666666666,-92.26841167,7611,Tue Mar 11 2025 14:42:44 GMT-0500 (CDT),,7710
38.905591666666666,-92.26841167,7586,Tue Mar 11 2025 14:42:44 GMT-0500 (CDT),,7710
38.905591666666666,-92.26841167,6503,Tue Mar 11 2025 14:42:44 GMT-0500 (CDT),,7710
38.905591666666666,-92.26841167,6333,Tue Mar 11 2025 14:42:45 GMT-0500 (CDT),0.05,7710
38.90559,-92.26842833,6370,Tue Mar 11 2025 14:42:45 GMT-0500 (CDT),0.15,7710
38.90559,-92.26842833,6316,Tue Mar 11 2025 14:42:45 GMT-0500 (CDT),0.25,7710
38.90559,-92.26842833,6214,Tue Mar 11 2025 14:42:45 GMT-0500 (CDT),0.35,7710
38.90559,-92.26842833,6277,Tue Mar 11 2025 14:42:45 GMT-0500 (CDT),,7710
38.90559,-92.26842833,7254,Tue Mar 11 2025 14:42:45 GMT-0500 (CDT),,7710
38.90559,-92.26842833,7396,Tue Mar 11 2025 14:42:45 GMT-0500 (CDT),,7710
38.90559,-92.26842833,7437,Tue Mar 11 2025 14:42:45 GMT-0500 (CDT),,7710
38.90559,-92.26842833,7603,Tue Mar 11 2025 14:42:45 GMT-0500 (CDT),,7710
38.90559,-92.26842833,7583,Tue Mar 11 2025 14:42:45 GMT-0500 (CDT),,7710
38.90559,-92.26842833,7637,Tue Mar 11 2025 14:42:46 GMT-0500 (CDT),,7710
38.90559,-92.26842833,7563,Tue Mar 11 2025 14:42:46 GMT-0500 (CDT),,7710
38.90559,-92.26842833,7509,Tue Mar 11 2025 14:42:46 GMT-0500 (CDT),,7710
38.90559,-92.26842833,7723,Tue Mar 11 2025 14:42:46 GMT-0500 (CDT),,7710
38.90559,-92.26842833,7717,Tue Mar 11 2025 14:42:46 GMT-0500 (CDT),,7710
38.90559,-92.26842833,7826,Tue Mar 11 2025 14:42:46 GMT-0500 (CDT),,7710
38.90559,-92.26842833,7805,Tue Mar 11 2025 14:42:46 GMT-0500 (CDT),,7710
38.90559,-92.26842833,7742,Tue Mar 11 2025 14:42:46 GMT-0500 (CDT),,7710
38.90559,-92.26842833,7734,Tue Mar 11 2025 14:42:46 GMT-0500 (CDT),,7710
38.90559,-92.26842833,7680,Tue Mar 11 2025 14:42:46 GMT-0500 (CDT),,7710
38.90559,-92.26842833,7905,Tue Mar 11 2025 14:42:47 GMT-0500 (CDT),,7710
38.90559,-92.26844833,7689,Tue Mar 11 2025 14:42:47 GMT-0500 (CDT),,7710
38.90559,-92.26844833,7563,Tue Mar 11 2025 14:42:47 GMT-0500 (CDT),,7710
38.90559,-92.26844833,7463,Tue Mar 11 2025 14:42:47 GMT-0500 (CDT),,7710
38.90559,-92.26844833,7274,Tue Mar 11 2025 14:42:47 GMT-0500 (CDT),,7710
38.90559,-92.26844833,7270,Tue Mar 11 2025 14:42:47 GMT-0500 (CDT),,7710
38.90559,-92.26844833,7268,Tue Mar 11 2025 14:42:47 GMT-0500 (CDT),,7710
38.90559,-92.26844833,7259,Tue Mar 11 2025 14:42:47 GMT-0500 (CDT),,7710
38.90559,-92.26844833,7154,Tue Mar 11 2025 14:42:47 GMT-0500 (CDT),,7710
38.90559,-92.26844833,7098,Tue Mar 11 2025 14:42:47 GMT-0500 (CDT),,7710
38.90559,-92.26844833,7142,Tue Mar 11 2025 14:42:48 GMT-0500 (CDT),,7710
38.90559,-92.26844833,7396,Tue Mar 11 2025 14:42:48 GMT-0500 (CDT),,7710
38.90559,-92.26846,7457,Tue Mar 11 2025 14:42:48 GMT-0500 (CDT),,7710
38.90559,-92.26846,7493,Tue Mar 11 2025 14:42:48 GMT-0500 (CDT),,7710
38.90559,-92.26846,7314,Tue Mar 11 2025 14:42:48 GMT-0500 (CDT),,7710
38.90559,-92.26846,7345,Tue Mar 11 2025 14:42:48 GMT-0500 (CDT),,7710
38.90559,-92.26846,7396,Tue Mar 11 2025 14:42:48 GMT-0500 (CDT),,7710
38.90559,-92.26846,7284,Tue Mar 11 2025 14:42:48 GMT-0500 (CDT),,7710
38.90559,-92.26846,7316,Tue Mar 11 2025 14:42:48 GMT-0500 (CDT),,7710
38.90559,-92.26846,7402,Tue Mar 11 2025 14:42:48 GMT-0500 (CDT),,7710
38.90559,-92.26846,7218,Tue Mar 11 2025 14:42:49 GMT-0500 (CDT),,7710
38.905588333333334,-92.26847167,7480,Tue Mar 11 2025 14:42:49 GMT-0500 (CDT),,7710
38.905588333333334,-92.26847167,7634,Tue Mar 11 2025 14:42:49 GMT-0500 (CDT),,7710
38.905588333333334,-92.26847167,7697,Tue Mar 11 2025 14:42:49 GMT-0500 (CDT),,7710
38.905588333333334,-92.26847167,7593,Tue Mar 11 2025 14:42:49 GMT-0500 (CDT),,7710
38.905588333333334,-92.26847167,7654,Tue Mar 11 2025 14:42:49 GMT-0500 (CDT),,7710
38.905588333333334,-92.26847167,7605,Tue Mar 11 2025 14:42:49 GMT-0500 (CDT),,7710
38.905588333333334,-92.26847167,7609,Tue Mar 11 2025 14:42:49 GMT-0500 (CDT),,7710
38.905588333333334,-92.26847167,7666,Tue Mar 11 2025 14:42:49 GMT-0500 (CDT),,7710
38.905588333333334,-92.26847167,7677,Tue Mar 11 2025 14:42:49 GMT-0500 (CDT),,7710
38.905588333333334,-92.26847167,7736,Tue Mar 11 2025 14:42:50 GMT-0500 (CDT),0.05,7710
38.905588333333334,-92.26847167,7858,Tue Mar 11 2025 14:42:50 GMT-0500 (CDT),0.14,7710
38.905588333333334,-92.26849,7813,Tue Mar 11 2025 14:42:50 GMT-0500 (CDT),0.23,7710
38.905588333333334,-92.26849,7701,Tue Mar 11 2025 14:42:50 GMT-0500 (CDT),0.32,7710
38.905588333333334,-92.26849,7578,Tue Mar 11 2025 14:42:50 GMT-0500 (CDT),0.41,7710
38.905588333333334,-92.26849,6236,Tue Mar 11 2025 14:42:50 GMT-0500 (CDT),0.5,7710
38.905588333333334,-92.26849,6275,Tue Mar 11 2025 14:42:50 GMT-0500 (CDT),0.59,7710
38.905588333333334,-92.26849,6437,Tue Mar 11 2025 14:42:50 GMT-0500 (CDT),0.68,7710
38.905588333333334,-92.26849,6341,Tue Mar 11 2025 14:42:50 GMT-0500 (CDT),0.77,7710
38.905588333333334,-92.26849,6336,Tue Mar 11 2025 14:42:50 GMT-0500 (CDT),0.86,7710
38.905588333333334,-92.26849,6419,Tue Mar 11 2025 14:42:50 GMT-0500 (CDT),0.95,7710
38.905588333333334,-92.26850167,7475,Tue Mar 11 2025 14:42:51 GMT-0500 (CDT),,7710
38.905588333333334,-92.26850167,7528,Tue Mar 11 2025 14:42:51 GMT-0500 (CDT),,7710
38.905588333333334,-92.26850167,7510,Tue Mar 11 2025 14:42:51 GMT-0500 (CDT),,7710
38.905588333333334,-92.26850167,7642,Tue Mar 11 2025 14:42:51 GMT-0500 (CDT),,7710
38.905588333333334,-92.26850167,7639,Tue Mar 11 2025 14:42:51 GMT-0500 (CDT),,7710
38.905588333333334,-92.26850167,7566,Tue Mar 11 2025 14:42:51 GMT-0500 (CDT),,7710
38.905588333333334,-92.26850167,7710,Tue Mar 11 2025 14:42:51 GMT-0500 (CDT),,7710
38.905588333333334,-92.26850167,7341,Tue Mar 11 2025 14:42:51 GMT-0500 (CDT),,7710
38.905588333333334,-92.26850167,7661,Tue Mar 11 2025 14:42:51 GMT-0500 (CDT),,7710
38.905588333333334,-92.26850167,7661,Tue Mar 11 2025 14:42:52 GMT-0500 (CDT),,7710
38.905588333333334,-92.26850167,7434,Tue Mar 11 2025 14:42:52 GMT-0500 (CDT),,7710
38.905586666666665,-92.26851333,7497,Tue Mar 11 2025 14:42:52 GMT-0500 (CDT),,7710
38.905586666666665,-92.26851333,7722,Tue Mar 11 2025 14:42:52 GMT-0500 (CDT),,7710
38.905586666666665,-92.26851333,7587,Tue Mar 11 2025 14:42:52 GMT-0500 (CDT),,7710
38.905586666666665,-92.26851333,7715,Tue Mar 11 2025 14:42:52 GMT-0500 (CDT),,7710
38.905586666666665,-92.26851333,7657,Tue Mar 11 2025 14:42:52 GMT-0500 (CDT),,7710
38.905586666666665,-92.26851333,7335,Tue Mar 11 2025 14:42:52 GMT-0500 (CDT),,7710
38.905586666666665,-92.26851333,7460,Tue Mar 11 2025 14:42:52 GMT-0500 (CDT),,7710
38.905586666666665,-92.26851333,7581,Tue Mar 11 2025 14:42:52 GMT-0500 (CDT),,7710
38.905586666666665,-92.26851333,7815,Tue Mar 11 2025 14:42:53 GMT-0500 (CDT),,7710
38.905586666666665,-92.268525,7721,Tue Mar 11 2025 14:42:53 GMT-0500 (CDT),,7710
38.905586666666665,-92.268525,7628,Tue Mar 11 2025 14:42:53 GMT-0500 (CDT),,7710
38.905586666666665,-92.268525,7568,Tue Mar 11 2025 14:42:53 GMT-0500 (CDT),,7710
38.905586666666665,-92.268525,7626,Tue Mar 11 2025 14:42:53 GMT-0500 (CDT),,7710
38.905586666666665,-92.268525,7672,Tue Mar 11 2025 14:42:53 GMT-0500 (CDT),,7710
38.905586666666665,-92.268525,7709,Tue Mar 11 2025 14:42:53 GMT-0500 (CDT),,7710
38.905586666666665,-92.268525,7707,Tue Mar 11 2025 14:42:53 GMT-0500 (CDT),,7710
38.905586666666665,-92.268525,7532,Tue Mar 11 2025 14:42:53 GMT-0500 (CDT),,7710
38.905586666666665,-92.268525,7644,Tue Mar 11 2025 14:42:53 GMT-0500 (CDT),,7710
38.905586666666665,-92.268525,7456,Tue Mar 11 2025 14:42:54 GMT-0500 (CDT),,7710
38.905586666666665,-92.268525,7704,Tue Mar 11 2025 14:42:54 GMT-0500 (CDT),,7710
38.905586666666665,-92.268525,7864,Tue Mar 11 2025 14:42:54 GMT-0500 (CDT),,7710
38.905586666666665,-92.268525,7830,Tue Mar 11 2025 14:42:54 GMT-0500 (CDT),,7710
38.905586666666665,-92.268525,7892,Tue Mar 11 2025 14:42:54 GMT-0500 (CDT),,7710
38.905586666666665,-92.268525,7812,Tue Mar 11 2025 14:42:54 GMT-0500 (CDT),,7710
38.905586666666665,-92.268525,7721,Tue Mar 11 2025 14:42:54 GMT-0500 (CDT),,7710
38.905586666666665,-92.268525,7629,Tue Mar 11 2025 14:42:54 GMT-0500 (CDT),,7710
38.905586666666665,-92.268525,7705,Tue Mar 11 2025 14:42:54 GMT-0500 (CDT),,7710
38.905586666666665,-92.268525,7623,Tue Mar 11 2025 14:42:54 GMT-0500 (CDT),,7710
38.905586666666665,-92.268525,7559,Tue Mar 11 2025 14:42:55 GMT-0500 (CDT),,7710
38.905586666666665,-92.26854667,7613,Tue Mar 11 2025 14:42:55 GMT-0500 (CDT),,7710
38.905586666666665,-92.26854667,7495,Tue Mar 11 2025 14:42:55 GMT-0500 (CDT),,7710
38.905586666666665,-92.26854667,7421,Tue Mar 11 2025 14:42:55 GMT-0500 (CDT),,7710
38.905586666666665,-92.26854667,7359,Tue Mar 11 2025 14:42:55 GMT-0500 (CDT),,7710
38.905586666666665,-92.26854667,7563,Tue Mar 11 2025 14:42:55 GMT-0500 (CDT),,7710
38.905586666666665,-92.26854667,7710,Tue Mar 11 2025 14:42:55 GMT-0500 (CDT),,7710
38.905586666666665,-92.26854667,7591,Tue Mar 11 2025 14:42:55 GMT-0500 (CDT),,7710
38.905586666666665,-92.26854667,7316,Tue Mar 11 2025 14:42:55 GMT-0500 (CDT),,7710
38.905586666666665,-92.26854667,7448,Tue Mar 11 2025 14:42:55 GMT-0500 (CDT),,7710
38.905586666666665,-92.26854667,7467,Tue Mar 11 2025 14:42:56 GMT-0500 (CDT),,7710
38.905586666666665,-92.26854667,7655,Tue Mar 11 2025 14:42:56 GMT-0500 (CDT),,7710
38.905586666666665,-92.26854667,7251,Tue Mar 11 2025 14:42:56 GMT-0500 (CDT),,7710
38.905586666666665,-92.26854667,7628,Tue Mar 11 2025 14:42:56 GMT-0500 (CDT),,7710
38.905586666666665,-92.26854667,7346,Tue Mar 11 2025 14:42:56 GMT-0500 (CDT),,7710
38.905586666666665,-92.26854667,7422,Tue Mar 11 2025 14:42:56 GMT-0500 (CDT),,7710
38.905586666666665,-92.26854667,7321,Tue Mar 11 2025 14:42:56 GMT-0500 (CDT),,7710
38.905586666666665,-92.26854667,7395,Tue Mar 11 2025 14:42:56 GMT-0500 (CDT),,7710
38.905586666666665,-92.26854667,7118,Tue Mar 11 2025 14:42:56 GMT-0500 (CDT),,7710
38.905586666666665,-92.26854667,7146,Tue Mar 11 2025 14:42:56 GMT-0500 (CDT),,7710
38.905586666666665,-92.26854667,7145,Tue Mar 11 2025 14:42:57 GMT-0500 (CDT),0.05,7710
38.905588333333334,-92.26856167,7498,Tue Mar 11 2025 14:42:57 GMT-0500 (CDT),0.15,7710
38.905588333333334,-92.26856167,6077,Tue Mar 11 2025 14:42:57 GMT-0500 (CDT),0.25,7710
38.905588333333334,-92.26856167,5909,Tue Mar 11 2025 14:42:57 GMT-0500 (CDT),0.35,7710
38.905588333333334,-92.26856167,5945,Tue Mar 11 2025 14:42:57 GMT-0500 (CDT),0.45,7710
38.905588333333334,-92.26856167,5934,Tue Mar 11 2025 14:42:57 GMT-0500 (CDT),0.55,7710
38.905588333333334,-92.26856167,7397,Tue Mar 11 2025 14:42:57 GMT-0500 (CDT),0.65,7710
38.905588333333334,-92.26856167,7316,Tue Mar 11 2025 14:42:57 GMT-0500 (CDT),0.75,7710
38.905588333333334,-92.26856167,7169,Tue Mar 11 2025 14:42:57 GMT-0500 (CDT),0.85,7710
38.905588333333334,-92.26856167,7143,Tue Mar 11 2025 14:42:57 GMT-0500 (CDT),0.95,7710
38.905588333333334,-92.26856167,7498,Tue Mar 11 2025 14:42:58 GMT-0500 (CDT),,7710
38.905588333333334,-92.26856167,7317,Tue Mar 11 2025 14:42:58 GMT-0500 (CDT),,7710
38.905586666666665,-92.26857333,7370,Tue Mar 11 2025 14:42:58 GMT-0500 (CDT),,7710
38.905586666666665,-92.26857333,7379,Tue Mar 11 2025 14:42:58 GMT-0500 (CDT),,7710
38.905586666666665,-92.26857333,7264,Tue Mar 11 2025 14:42:58 GMT-0500 (CDT),,7710
38.905586666666665,-92.26857333,7484,Tue Mar 11 2025 14:42:58 GMT-0500 (CDT),,7710
38.905586666666665,-92.26857333,7314,Tue Mar 11 2025 14:42:58 GMT-0500 (CDT),,7710
38.905586666666665,-92.26857333,7163,Tue Mar 11 2025 14:42:58 GMT-0500 (CDT),,7710
38.905586666666665,-92.26857333,7081,Tue Mar 11 2025 14:42:58 GMT-0500 (CDT),,7710
38.905586666666665,-92.26857333,7168,Tue Mar 11 2025 14:42:58 GMT-0500 (CDT),,7710
38.905586666666665,-92.26857333,7592,Tue Mar 11 2025 14:42:59 GMT-0500 (CDT),,7710
38.905586666666665,-92.26857333,7428,Tue Mar 11 2025 14:42:59 GMT-0500 (CDT),,7710
38.905586666666665,-92.26857333,7436,Tue Mar 11 2025 14:42:59 GMT-0500 (CDT),,7710
38.905586666666665,-92.26857333,7384,Tue Mar 11 2025 14:42:59 GMT-0500 (CDT),,7710
38.905586666666665,-92.26857333,7431,Tue Mar 11 2025 14:42:59 GMT-0500 (CDT),,7710
38.905586666666665,-92.26857333,7532,Tue Mar 11 2025 14:42:59 GMT-0500 (CDT),,7710
38.905586666666665,-92.26857333,7577,Tue Mar 11 2025 14:42:59 GMT-0500 (CDT),,7710
38.905586666666665,-92.26857333,7791,Tue Mar 11 2025 14:42:59 GMT-0500 (CDT),,7710
38.905586666666665,-92.26857333,7743,Tue Mar 11 2025 14:42:59 GMT-0500 (CDT),,7710
38.905586666666665,-92.26857333,7565,Tue Mar 11 2025 14:42:59 GMT-0500 (CDT),,7710
38.905586666666665,-92.26857333,7475,Tue Mar 11 2025 14:43:00 GMT-0500 (CDT),,7710
38.905586666666665,-92.26857333,7572,Tue Mar 11 2025 14:43:00 GMT-0500 (CDT),,7710
38.905586666666665,-92.26857333,7729,Tue Mar 11 2025 14:43:00 GMT-0500 (CDT),,7710
38.905586666666665,-92.26857333,7619,Tue Mar 11 2025 14:43:00 GMT-0500 (CDT),,7710
38.905586666666665,-92.26857333,7559,Tue Mar 11 2025 14:43:00 GMT-0500 (CDT),,7710
38.905586666666665,-92.26857333,7692,Tue Mar 11 2025 14:43:00 GMT-0500 (CDT),,7710
38.905586666666665,-92.26857333,7541,Tue Mar 11 2025 14:43:00 GMT-0500 (CDT),,7710
38.905586666666665,-92.26857333,7403,Tue Mar 11 2025 14:43:00 GMT-0500 (CDT),,7710
38.905586666666665,-92.26857333,7411,Tue Mar 11 2025 14:43:00 GMT-0500 (CDT),,7710
38.905586666666665,-92.26857333,7469,Tue Mar 11 2025 14:43:00 GMT-0500 (CDT),,7710
38.905586666666665,-92.26857333,7407,Tue Mar 11 2025 14:43:01 GMT-0500 (CDT),,7710
38.905586666666665,-92.26859,7357,Tue Mar 11 2025 14:43:01 GMT-0500 (CDT),,7710
38.905586666666665,-92.26859,7455,Tue Mar 11 2025 14:43:01 GMT-0500 (CDT),,7710
38.905586666666665,-92.26859,7411,Tue Mar 11 2025 14:43:01 GMT-0500 (CDT),,7710
38.905586666666665,-92.26859,7584,Tue Mar 11 2025 14:43:01 GMT-0500 (CDT),,7710
38.905586666666665,-92.26859,7467,Tue Mar 11 2025 14:43:01 GMT-0500 (CDT),,7710
38.905586666666665,-92.26859,7378,Tue Mar 11 2025 14:43:01 GMT-0500 (CDT),,7710
38.905586666666665,-92.26859,7485,Tue Mar 11 2025 14:43:01 GMT-0500 (CDT),,7710
38.905586666666665,-92.26859,7552,Tue Mar 11 2025 14:43:01 GMT-0500 (CDT),,7710
38.905586666666665,-92.26859,7584,Tue Mar 11 2025 14:43:01 GMT-0500 (CDT),,7710
38.905586666666665,-92.26859,7211,Tue Mar 11 2025 14:43:02 GMT-0500 (CDT),,7710
38.905586666666665,-92.26859,7430,Tue Mar 11 2025 14:43:02 GMT-0500 (CDT),,7710
38.905586666666665,-92.26859,7401,Tue Mar 11 2025 14:43:02 GMT-0500 (CDT),,7710
38.905586666666665,-92.26859,7459,Tue Mar 11 2025 14:43:02 GMT-0500 (CDT),,7710
38.905586666666665,-92.26859,7434,Tue Mar 11 2025 14:43:02 GMT-0500 (CDT),,7710
38.905586666666665,-92.26859,7402,Tue Mar 11 2025 14:43:02 GMT-0500 (CDT),,7710
38.905586666666665,-92.26859,7388,Tue Mar 11 2025 14:43:02 GMT-0500 (CDT),,7710
38.905586666666665,-92.26859,7401,Tue Mar 11 2025 14:43:02 GMT-0500 (CDT),,7710
38.905586666666665,-92.26859,7414,Tue Mar 11 2025 14:43:02 GMT-0500 (CDT),,7710
38.905586666666665,-92.26859,7432,Tue Mar 11 2025 14:43:02 GMT-0500 (CDT),,7710
38.905586666666665,-92.26859,7474,Tue Mar 11 2025 14:43:02 GMT-0500 (CDT),,7710
38.905586666666665,-92.26859,7497,Tue Mar 11 2025 14:43:03 GMT-0500 (CDT),,7710
38.905584999999995,-92.26860333,7544,Tue Mar 11 2025 14:43:03 GMT-0500 (CDT),,7710
38.905584999999995,-92.26860333,7514,Tue Mar 11 2025 14:43:03 GMT-0500 (CDT),,7710
38.905584999999995,-92.26860333,7496,Tue Mar 11 2025 14:43:03 GMT-0500 (CDT),,7710
38.905584999999995,-92.26860333,7500,Tue Mar 11 2025 14:43:03 GMT-0500 (CDT),,7710
38.905584999999995,-92.26860333,7565,Tue Mar 11 2025 14:43:03 GMT-0500 (CDT),,7710
38.905584999999995,-92.26860333,7498,Tue Mar 11 2025 14:43:03 GMT-0500 (CDT),,7710
38.905584999999995,-92.26860333,7484,Tue Mar 11 2025 14:43:03 GMT-0500 (CDT),,7710
38.905584999999995,-92.26860333,7499,Tue Mar 11 2025 14:43:03 GMT-0500 (CDT),,7710
38.905584999999995,-92.26860333,7587,Tue Mar 11 2025 14:43:03 GMT-0500 (CDT),,7710
38.905584999999995,-92.26860333,7587,Tue Mar 11 2025 14:43:04 GMT-0500 (CDT),,7710
38.905584999999995,-92.26860333,7501,Tue Mar 11 2025 14:43:04 GMT-0500 (CDT),,7710
38.905584999999995,-92.26860333,7486,Tue Mar 11 2025 14:43:04 GMT-0500 (CDT),,7710
38.905584999999995,-92.26860333,7501,Tue Mar 11 2025 14:43:04 GMT-0500 (CDT),,7710
38.905584999999995,-92.26860333,7537,Tue Mar 11 2025 14:43:04 GMT-0500 (CDT),,7710
38.905584999999995,-92.26860333,7521,Tue Mar 11 2025 14:43:04 GMT-0500 (CDT),,7710
38.905584999999995,-92.26860333,7589,Tue Mar 11 2025 14:43:04 GMT-0500 (CDT),,7710
38.905584999999995,-92.26860333,7582,Tue Mar 11 2025 14:43:04 GMT-0500 (CDT),,7710
38.905584999999995,-92.26860333,7528,Tue Mar 11 2025 14:43:04 GMT-0500 (CDT),,7710
38.905584999999995,-92.26860333,7590,Tue Mar 11 2025 14:43:04 GMT-0500 (CDT),,7710
38.905584999999995,-92.26860333,7572,Tue Mar 11 2025 14:43:05 GMT-0500 (CDT),,7710
38.905584999999995,-92.26860333,7583,Tue Mar 11 2025 14:43:05 GMT-0500 (CDT),,7710
38.905584999999995,-92.26860333,7570,Tue Mar 11 2025 14:43:05 GMT-0500 (CDT),,7710
38.905584999999995,-92.26860333,7573,Tue Mar 11 2025 14:43:05 GMT-0500 (CDT),,7710
38.905584999999995,-92.26860333,7560,Tue Mar 11 2025 14:43:05 GMT-0500 (CDT),,7710
38.905584999999995,-92.26860333,7628,Tue Mar 11 2025 14:43:05 GMT-0500 (CDT),,7710
38.905584999999995,-92.26860333,7761,Tue Mar 11 2025 14:43:05 GMT-0500 (CDT),,7710
38.905584999999995,-92.26860333,7628,Tue Mar 11 2025 14:43:05 GMT-0500 (CDT),,7710
38.905584999999995,-92.26860333,7645,Tue Mar 11 2025 14:43:05 GMT-0500 (CDT),,7710
38.905584999999995,-92.26860333,7665,Tue Mar 11 2025 14:43:06 GMT-0500 (CDT),,7710
38.905584999999995,-92.26860333,7639,Tue Mar 11 2025 14:43:06 GMT-0500 (CDT),,7710
38.905584999999995,-92.26860333,7629,Tue Mar 11 2025 14:43:06 GMT-0500 (CDT),,7710
38.905584999999995,-92.26860333,7606,Tue Mar 11 2025 14:43:06 GMT-0500 (CDT),,7710
38.905584999999995,-92.26860333,7310,Tue Mar 11 2025 14:43:06 GMT-0500 (CDT),,7710
38.905584999999995,-92.26860333,7437,Tue Mar 11 2025 14:43:06 GMT-0500 (CDT),,7710
38.905584999999995,-92.26860333,7736,Tue Mar 11 2025 14:43:06 GMT-0500 (CDT),,7710
38.905584999999995,-92.26860333,7950,Tue Mar 11 2025 14:43:06 GMT-0500 (CDT),,7710
38.905584999999995,-92.26860333,8028,Tue Mar 11 2025 14:43:06 GMT-0500 (CDT),,7710
38.905584999999995,-92.26860333,7925,Tue Mar 11 2025 14:43:06 GMT-0500 (CDT),,7710
38.905584999999995,-92.26860333,7692,Tue Mar 11 2025 14:43:06 GMT-0500 (CDT),,7710
38.905584999999995,-92.26860333,7461,Tue Mar 11 2025 14:43:07 GMT-0500 (CDT),,7710
38.905584999999995,-92.26860333,7454,Tue Mar 11 2025 14:43:07 GMT-0500 (CDT),,7710
38.905584999999995,-92.26860333,7537,Tue Mar 11 2025 14:43:07 GMT-0500 (CDT),,7710
38.905584999999995,-92.26860333,7473,Tue Mar 11 2025 14:43:07 GMT-0500 (CDT),,7710
38.905584999999995,-92.26860333,7707,Tue Mar 11 2025 14:43:07 GMT-0500 (CDT),,7710
38.905584999999995,-92.26860333,7818,Tue Mar 11 2025 14:43:07 GMT-0500 (CDT),,7710
38.905584999999995,-92.26860333,7489,Tue Mar 11 2025 14:43:07 GMT-0500 (CDT),,7710
38.905584999999995,-92.26860333,7294,Tue Mar 11 2025 14:43:07 GMT-0500 (CDT),,7710
38.905584999999995,-92.26860333,7521,Tue Mar 11 2025 14:43:07 GMT-0500 (CDT),,7710
38.905584999999995,-92.26860333,7296,Tue Mar 11 2025 14:43:07 GMT-0500 (CDT),,7710
38.905584999999995,-92.26860333,7344,Tue Mar 11 2025 14:43:08 GMT-0500 (CDT),,7710
38.905584999999995,-92.26860333,7185,Tue Mar 11 2025 14:43:08 GMT-0500 (CDT),,7710
38.905584999999995,-92.26860333,7567,Tue Mar 11 2025 14:43:08 GMT-0500 (CDT),,7710
38.905584999999995,-92.26860333,7561,Tue Mar 11 2025 14:43:08 GMT-0500 (CDT),,7710
38.905584999999995,-92.26860333,7639,Tue Mar 11 2025 14:43:08 GMT-0500 (CDT),,7710
38.905584999999995,-92.26860333,7732,Tue Mar 11 2025 14:43:08 GMT-0500 (CDT),,7710
38.905584999999995,-92.26860333,7775,Tue Mar 11 2025 14:43:08 GMT-0500 (CDT),,7710
38.905584999999995,-92.26860333,7797,Tue Mar 11 2025 14:43:08 GMT-0500 (CDT),,7710
38.905584999999995,-92.26860333,7832,Tue Mar 11 2025 14:43:08 GMT-0500 (CDT),,7710
38.905584999999995,-92.26860333,7746,Tue Mar 11 2025 14:43:08 GMT-0500 (CDT),,7710
38.905584999999995,-92.26860333,7397,Tue Mar 11 2025 14:43:09 GMT-0500 (CDT),,7710
38.905584999999995,-92.26860333,7382,Tue Mar 11 2025 14:43:09 GMT-0500 (CDT),,7710
38.905584999999995,-92.26860333,7449,Tue Mar 11 2025 14:43:09 GMT-0500 (CDT),,7710
38.905584999999995,-92.26860333,7833,Tue Mar 11 2025 14:43:09 GMT-0500 (CDT),,7710
38.905584999999995,-92.26860333,7762,Tue Mar 11 2025 14:43:09 GMT-0500 (CDT),,7710
38.905584999999995,-92.26860333,7613,Tue Mar 11 2025 14:43:09 GMT-0500 (CDT),,7710
38.905584999999995,-92.26860333,7461,Tue Mar 11 2025 14:43:09 GMT-0500 (CDT),,7710
38.905584999999995,-92.26860333,7349,Tue Mar 11 2025 14:43:09 GMT-0500 (CDT),,7710
38.905584999999995,-92.26860333,7364,Tue Mar 11 2025 14:43:09 GMT-0500 (CDT),,7710
38.905584999999995,-92.26860333,7700,Tue Mar 11 2025 14:43:09 GMT-0500 (CDT),,7710
38.905584999999995,-92.26860333,7488,Tue Mar 11 2025 14:43:10 GMT-0500 (CDT),,7710
38.905584999999995,-92.26860333,7413,Tue Mar 11 2025 14:43:10 GMT-0500 (CDT),,7710
38.905584999999995,-92.26860333,7519,Tue Mar 11 2025 14:43:10 GMT-0500 (CDT),,7710
38.905584999999995,-92.26860333,7509,Tue Mar 11 2025 14:43:10 GMT-0500 (CDT),,7710
38.905584999999995,-92.26860333,7415,Tue Mar 11 2025 14:43:10 GMT-0500 (CDT),,7710
38.905584999999995,-92.26860333,7566,Tue Mar 11 2025 14:43:10 GMT-0500 (CDT),,7710
38.905584999999995,-92.26860333,7679,Tue Mar 11 2025 14:43:10 GMT-0500 (CDT),,7710
38.905584999999995,-92.26860333,7550,Tue Mar 11 2025 14:43:10 GMT-0500 (CDT),,7710
38.905584999999995,-92.26860333,7593,Tue Mar 11 2025 14:43:10 GMT-0500 (CDT),,7710
38.905584999999995,-92.26860333,7229,Tue Mar 11 2025 14:43:10 GMT-0500 (CDT),,7710
38.905584999999995,-92.26860333,7177,Tue Mar 11 2025 14:43:11 GMT-0500 (CDT),,7710
38.905584999999995,-92.26860333,6859,Tue Mar 11 2025 14:43:11 GMT-0500 (CDT),,7710
38.905584999999995,-92.26860333,6573,Tue Mar 11 2025 14:43:11 GMT-0500 (CDT),,7710
38.905584999999995,-92.26860333,7046,Tue Mar 11 2025 14:43:11 GMT-0500 (CDT),,7710
38.905584999999995,-92.26860333,7225,Tue Mar 11 2025 14:43:11 GMT-0500 (CDT),,7710
38.905584999999995,-92.26860333,7022,Tue Mar 11 2025 14:43:11 GMT-0500 (CDT),,7710
38.905584999999995,-92.26860333,6997,Tue Mar 11 2025 14:43:11 GMT-0500 (CDT),,7710
38.905584999999995,-92.26860333,7159,Tue Mar 11 2025 14:43:11 GMT-0500 (CDT),,7710
38.905584999999995,-92.26860333,7264,Tue Mar 11 2025 14:43:11 GMT-0500 (CDT),,7710
38.905584999999995,-92.26860333,7187,Tue Mar 11 2025 14:43:11 GMT-0500 (CDT),,7710
38.905584999999995,-92.26860333,7019,Tue Mar 11 2025 14:43:12 GMT-0500 (CDT),,7710
38.905584999999995,-92.26860333,7262,Tue Mar 11 2025 14:43:12 GMT-0500 (CDT),,7710
38.905584999999995,-92.26860333,7667,Tue Mar 11 2025 14:43:12 GMT-0500 (CDT),,7710
38.905584999999995,-92.26860333,7648,Tue Mar 11 2025 14:43:12 GMT-0500 (CDT),,7710
38.905584999999995,-92.26860333,7726,Tue Mar 11 2025 14:43:12 GMT-0500 (CDT),,7710
38.905584999999995,-92.26860333,7636,Tue Mar 11 2025 14:43:12 GMT-0500 (CDT),,7710
38.905584999999995,-92.26860333,7405,Tue Mar 11 2025 14:43:12 GMT-0500 (CDT),,7710
38.905584999999995,-92.26860333,6982,Tue Mar 11 2025 14:43:12 GMT-0500 (CDT),,7710
38.905584999999995,-92.26860333,7247,Tue Mar 11 2025 14:43:12 GMT-0500 (CDT),,7710
38.905584999999995,-92.26860333,7205,Tue Mar 11 2025 14:43:12 GMT-0500 (CDT),,7710
38.905584999999995,-92.26860333,6365,Tue Mar 11 2025 14:43:13 GMT-0500 (CDT),,7710
38.905584999999995,-92.26860333,7359,Tue Mar 11 2025 14:43:13 GMT-0500 (CDT),,7710
38.905584999999995,-92.26860333,7376,Tue Mar 11 2025 14:43:13 GMT-0500 (CDT),,7710
38.905584999999995,-92.26860333,7512,Tue Mar 11 2025 14:43:13 GMT-0500 (CDT),,7710
38.905584999999995,-92.26860333,7649,Tue Mar 11 2025 14:43:13 GMT-0500 (CDT),,7710
38.905584999999995,-92.26860333,7577,Tue Mar 11 2025 14:43:13 GMT-0500 (CDT),,7710
38.905584999999995,-92.26860333,7103,Tue Mar 11 2025 14:43:13 GMT-0500 (CDT),,7710
38.905584999999995,-92.26860333,7412,Tue Mar 11 2025 14:43:13 GMT-0500 (CDT),,7710
38.905584999999995,-92.26860333,7201,Tue Mar 11 2025 14:43:13 GMT-0500 (CDT),,7710
38.905584999999995,-92.26860333,7000,Tue Mar 11 2025 14:43:13 GMT-0500 (CDT),,7710
38.905584999999995,-92.26860333,6748,Tue Mar 11 2025 14:43:14 GMT-0500 (CDT),,7710
38.905584999999995,-92.26860333,7275,Tue Mar 11 2025 14:43:14 GMT-0500 (CDT),,7710
38.905584999999995,-92.26860333,7079,Tue Mar 11 2025 14:43:14 GMT-0500 (CDT),,7710
38.905584999999995,-92.26860333,6965,Tue Mar 11 2025 14:43:14 GMT-0500 (CDT),,7710
38.905584999999995,-92.26860333,7016,Tue Mar 11 2025 14:43:14 GMT-0500 (CDT),,7710
38.905584999999995,-92.26860333,6963,Tue Mar 11 2025 14:43:14 GMT-0500 (CDT),,7710
38.905584999999995,-92.26860333,7231,Tue Mar 11 2025 14:43:14 GMT-0500 (CDT),,7710
38.905584999999995,-92.26860333,7299,Tue Mar 11 2025 14:43:14 GMT-0500 (CDT),,7710
38.905584999999995,-92.26860333,7388,Tue Mar 11 2025 14:43:14 GMT-0500 (CDT),,7710
38.905584999999995,-92.26860333,7497,Tue Mar 11 2025 14:43:14 GMT-0500 (CDT),,7710
38.905584999999995,-92.26860333,7224,Tue Mar 11 2025 14:43:15 GMT-0500 (CDT),,7710
38.905584999999995,-92.26860333,6833,Tue Mar 11 2025 14:43:15 GMT-0500 (CDT),,7710
38.905584999999995,-92.26860333,6556,Tue Mar 11 2025 14:43:15 GMT-0500 (CDT),,7710
38.905584999999995,-92.26860333,6851,Tue Mar 11 2025 14:43:15 GMT-0500 (CDT),,7710
38.905584999999995,-92.26860333,6934,Tue Mar 11 2025 14:43:15 GMT-0500 (CDT),,7710
38.905584999999995,-92.26860333,7299,Tue Mar 11 2025 14:43:15 GMT-0500 (CDT),,7710
38.905584999999995,-92.26860333,7399,Tue Mar 11 2025 14:43:15 GMT-0500 (CDT),,7710
38.905584999999995,-92.26860333,7328,Tue Mar 11 2025 14:43:15 GMT-0500 (CDT),,7710
38.905584999999995,-92.26860333,6937,Tue Mar 11 2025 14:43:15 GMT-0500 (CDT),,7710
38.905584999999995,-92.26860333,6694,Tue Mar 11 2025 14:43:15 GMT-0500 (CDT),,7710
38.905584999999995,-92.26860333,6938,Tue Mar 11 2025 14:43:16 GMT-0500 (CDT),,7710
38.905584999999995,-92.26860333,6696,Tue Mar 11 2025 14:43:16 GMT-0500 (CDT),,7710
38.905584999999995,-92.26860333,6745,Tue Mar 11 2025 14:43:16 GMT-0500 (CDT),,7710
38.905584999999995,-92.26860333,6692,Tue Mar 11 2025 14:43:16 GMT-0500 (CDT),,7710
38.905584999999995,-92.26860333,6477,Tue Mar 11 2025 14:43:16 GMT-0500 (CDT),,7710
38.905584999999995,-92.26860333,6199,Tue Mar 11 2025 14:43:16 GMT-0500 (CDT),,7710
38.905584999999995,-92.26860333,6275,Tue Mar 11 2025 14:43:16 GMT-0500 (CDT),,7710
38.905584999999995,-92.26860333,6508,Tue Mar 11 2025 14:43:16 GMT-0500 (CDT),,7710
38.905584999999995,-92.26860333,7026,Tue Mar 11 2025 14:43:16 GMT-0500 (CDT),,7710
38.905584999999995,-92.26860333,7240,Tue Mar 11 2025 14:43:16 GMT-0500 (CDT),,7710
38.905584999999995,-92.26860333,7264,Tue Mar 11 2025 14:43:17 GMT-0500 (CDT),,7710
38.905584999999995,-92.26860333,7648,Tue Mar 11 2025 14:43:17 GMT-0500 (CDT),,7710
38.905584999999995,-92.26860333,7722,Tue Mar 11 2025 14:43:17 GMT-0500 (CDT),,7710
38.905584999999995,-92.26860333,7399,Tue Mar 11 2025 14:43:17 GMT-0500 (CDT),,7710
38.905584999999995,-92.26860333,7752,Tue Mar 11 2025 14:43:17 GMT-0500 (CDT),,7710
38.905584999999995,-92.26860333,7721,Tue Mar 11 2025 14:43:17 GMT-0500 (CDT),,7710
38.905584999999995,-92.26860333,7938,Tue Mar 11 2025 14:43:17 GMT-0500 (CDT),,7710
38.905584999999995,-92.26860333,7830,Tue Mar 11 2025 14:43:17 GMT-0500 (CDT),,7710
38.905584999999995,-92.26860333,7792,Tue Mar 11 2025 14:43:17 GMT-0500 (CDT),,7710
38.905584999999995,-92.26860333,7607,Tue Mar 11 2025 14:43:17 GMT-0500 (CDT),,7710
38.905584999999995,-92.26860333,7535,Tue Mar 11 2025 14:43:18 GMT-0500 (CDT),,7710
38.905584999999995,-92.26860333,7587,Tue Mar 11 2025 14:43:18 GMT-0500 (CDT),,7710
38.905584999999995,-92.26860333,7495,Tue Mar 11 2025 14:43:19 GMT-0500 (CDT),,7710
38.905584999999995,-92.26860333,7455,Tue Mar 11 2025 14:43:19 GMT-0500 (CDT),,7710
38.905584999999995,-92.26860333,7427,Tue Mar 11 2025 14:43:19 GMT-0500 (CDT),,7710
38.905584999999995,-92.26860333,7569,Tue Mar 11 2025 14:43:19 GMT-0500 (CDT),,7710
38.905584999999995,-92.26860333,7719,Tue Mar 11 2025 14:43:19 GMT-0500 (CDT),,7710
38.905584999999995,-92.26860333,7599,Tue Mar 11 2025 14:43:19 GMT-0500 (CDT),,7710
38.905584999999995,-92.26860333,7550,Tue Mar 11 2025 14:43:19 GMT-0500 (CDT),,7710
38.905584999999995,-92.26860333,7517,Tue Mar 11 2025 14:43:19 GMT-0500 (CDT),,7710
38.905584999999995,-92.26860333,7170,Tue Mar 11 2025 14:43:20 GMT-0500 (CDT),,7710
38.905584999999995,-92.26860333,7202,Tue Mar 11 2025 14:43:20 GMT-0500 (CDT),,7710
38.905584999999995,-92.26860333,7102,Tue Mar 11 2025 14:43:20 GMT-0500 (CDT),,7710
38.905584999999995,-92.26860333,7359,Tue Mar 11 2025 14:43:20 GMT-0500 (CDT),,7710
38.905584999999995,-92.26860333,7428,Tue Mar 11 2025 14:43:20 GMT-0500 (CDT),,7710
38.905584999999995,-92.26860333,7423,Tue Mar 11 2025 14:43:20 GMT-0500 (CDT),,7710
38.905584999999995,-92.26860333,7422,Tue Mar 11 2025 14:43:20 GMT-0500 (CDT),,7710
38.905584999999995,-92.26860333,7579,Tue Mar 11 2025 14:43:20 GMT-0500 (CDT),,7710
38.905584999999995,-92.26860333,7615,Tue Mar 11 2025 14:43:20 GMT-0500 (CDT),,7710
38.905584999999995,-92.26860333,7460,Tue Mar 11 2025 14:43:20 GMT-0500 (CDT),,7710
38.905584999999995,-92.26860333,7614,Tue Mar 11 2025 14:43:21 GMT-0500 (CDT),,7710
38.905584999999995,-92.26860333,6969,Tue Mar 11 2025 14:43:21 GMT-0500 (CDT),,7710
38.905584999999995,-92.26860333,7060,Tue Mar 11 2025 14:43:21 GMT-0500 (CDT),,7710
38.905584999999995,-92.26860333,7079,Tue Mar 11 2025 14:43:21 GMT-0500 (CDT),,7710
38.905584999999995,-92.26860333,7482,Tue Mar 11 2025 14:43:21 GMT-0500 (CDT),,7710
38.905584999999995,-92.26860333,7390,Tue Mar 11 2025 14:43:21 GMT-0500 (CDT),,7710
38.905584999999995,-92.26860333,7721,Tue Mar 11 2025 14:43:21 GMT-0500 (CDT),,7710
38.905584999999995,-92.26860333,7729,Tue Mar 11 2025 14:43:21 GMT-0500 (CDT),,7710
38.905584999999995,-92.26860333,7746,Tue Mar 11 2025 14:43:21 GMT-0500 (CDT),,7710
38.905584999999995,-92.26860333,7711,Tue Mar 11 2025 14:43:21 GMT-0500 (CDT),,7710
38.905584999999995,-92.26860333,7708,Tue Mar 11 2025 14:43:22 GMT-0500 (CDT),,7710
38.905584999999995,-92.26860333,7656,Tue Mar 11 2025 14:43:22 GMT-0500 (CDT),,7710
38.905584999999995,-92.26860333,7609,Tue Mar 11 2025 14:43:22 GMT-0500 (CDT),,7710
38.905584999999995,-92.26860333,7685,Tue Mar 11 2025 14:43:22 GMT-0500 (CDT),,7710
38.905584999999995,-92.26860333,7593,Tue Mar 11 2025 14:43:22 GMT-0500 (CDT),,7710
38.905584999999995,-92.26860333,7327,Tue Mar 11 2025 14:43:22 GMT-0500 (CDT),,7710
38.905584999999995,-92.26860333,7727,Tue Mar 11 2025 14:43:22 GMT-0500 (CDT),,7710
38.905584999999995,-92.26860333,7616,Tue Mar 11 2025 14:43:22 GMT-0500 (CDT),,7710
38.905584999999995,-92.26860333,7745,Tue Mar 11 2025 14:43:22 GMT-0500 (CDT),,7710
38.905584999999995,-92.26860333,7803,Tue Mar 11 2025 14:43:22 GMT-0500 (CDT),,7710
38.905584999999995,-92.26860333,7826,Tue Mar 11 2025 14:43:23 GMT-0500 (CDT),,7710
38.905584999999995,-92.26860333,7863,Tue Mar 11 2025 14:43:23 GMT-0500 (CDT),,7710
38.905584999999995,-92.26860333,7685,Tue Mar 11 2025 14:43:23 GMT-0500 (CDT),,7710
38.905584999999995,-92.26860333,7285,Tue Mar 11 2025 14:43:23 GMT-0500 (CDT),,7710
38.905584999999995,-92.26860333,7272,Tue Mar 11 2025 14:43:23 GMT-0500 (CDT),,7710
38.905584999999995,-92.26860333,7429,Tue Mar 11 2025 14:43:23 GMT-0500 (CDT),,7710
38.905584999999995,-92.26860333,7588,Tue Mar 11 2025 14:43:23 GMT-0500 (CDT),,7710
38.905584999999995,-92.26860333,7330,Tue Mar 11 2025 14:43:23 GMT-0500 (CDT),,7710
38.905584999999995,-92.26860333,6989,Tue Mar 11 2025 14:43:23 GMT-0500 (CDT),,7710
38.905584999999995,-92.26860333,7100,Tue Mar 11 2025 14:43:23 GMT-0500 (CDT),,7710
38.905584999999995,-92.26860333,7231,Tue Mar 11 2025 14:43:24 GMT-0500 (CDT),,7710
38.905584999999995,-92.26860333,7361,Tue Mar 11 2025 14:43:24 GMT-0500 (CDT),,7710
38.905584999999995,-92.26860333,7303,Tue Mar 11 2025 14:43:24 GMT-0500 (CDT),,7710
38.905584999999995,-92.26860333,7360,Tue Mar 11 2025 14:43:24 GMT-0500 (CDT),,7710
38.905584999999995,-92.26860333,7403,Tue Mar 11 2025 14:43:24 GMT-0500 (CDT),,7710
38.905584999999995,-92.26860333,7551,Tue Mar 11 2025 14:43:24 GMT-0500 (CDT),,7710
38.905584999999995,-92.26860333,7696,Tue Mar 11 2025 14:43:24 GMT-0500 (CDT),,7710
38.905584999999995,-92.26860333,7696,Tue Mar 11 2025 14:43:24 GMT-0500 (CDT),,7710
38.905584999999995,-92.26860333,7536,Tue Mar 11 2025 14:43:24 GMT-0500 (CDT),,7710
38.905584999999995,-92.26860333,7468,Tue Mar 11 2025 14:43:24 GMT-0500 (CDT),,7710
38.905584999999995,-92.26860333,7494,Tue Mar 11 2025 14:43:25 GMT-0500 (CDT),,7710
38.905584999999995,-92.26860333,7251,Tue Mar 11 2025 14:43:25 GMT-0500 (CDT),,7710
38.905584999999995,-92.26860333,7165,Tue Mar 11 2025 14:43:25 GMT-0500 (CDT),,7710
38.905584999999995,-92.26860333,7151,Tue Mar 11 2025 14:43:25 GMT-0500 (CDT),,7710
38.905584999999995,-92.26860333,7456,Tue Mar 11 2025 14:43:25 GMT-0500 (CDT),,7710
38.905584999999995,-92.26860333,7576,Tue Mar 11 2025 14:43:25 GMT-0500 (CDT),,7710
38.905584999999995,-92.26860333,7417,Tue Mar 11 2025 14:43:25 GMT-0500 (CDT),,7710
38.905584999999995,-92.26860333,7246,Tue Mar 11 2025 14:43:25 GMT-0500 (CDT),,7710
38.905584999999995,-92.26860333,7634,Tue Mar 11 2025 14:43:25 GMT-0500 (CDT),,7710
38.905584999999995,-92.26860333,7475,Tue Mar 11 2025 14:43:25 GMT-0500 (CDT),,7710
38.905584999999995,-92.26860333,7445,Tue Mar 11 2025 14:43:26 GMT-0500 (CDT),,7710
38.905584999999995,-92.26860333,7408,Tue Mar 11 2025 14:43:26 GMT-0500 (CDT),,7710
38.905584999999995,-92.26860333,7246,Tue Mar 11 2025 14:43:26 GMT-0500 (CDT),,7710
38.905584999999995,-92.26860333,7364,Tue Mar 11 2025 14:43:26 GMT-0500 (CDT),,7710
38.905584999999995,-92.26860333,7282,Tue Mar 11 2025 14:43:26 GMT-0500 (CDT),,7710
38.905584999999995,-92.26860333,7472,Tue Mar 11 2025 14:43:26 GMT-0500 (CDT),,7710
38.905584999999995,-92.26860333,7070,Tue Mar 11 2025 14:43:26 GMT-0500 (CDT),,7710
38.905584999999995,-92.26860333,6986,Tue Mar 11 2025 14:43:26 GMT-0500 (CDT),,7710
38.905584999999995,-92.26860333,7134,Tue Mar 11 2025 14:43:26 GMT-0500 (CDT),,7710
38.905584999999995,-92.26860333,7085,Tue Mar 11 2025 14:43:26 GMT-0500 (CDT),,7710
38.905584999999995,-92.26860333,7135,Tue Mar 11 2025 14:43:27 GMT-0500 (CDT),,7710
38.905584999999995,-92.26860333,7286,Tue Mar 11 2025 14:43:27 GMT-0500 (CDT),,7710
38.905584999999995,-92.26860333,7273,Tue Mar 11 2025 14:43:27 GMT-0500 (CDT),,7710
38.905584999999995,-92.26860333,7315,Tue Mar 11 2025 14:43:27 GMT-0500 (CDT),,7710
38.905584999999995,-92.26860333,7421,Tue Mar 11 2025 14:43:27 GMT-0500 (CDT),,7710
38.905584999999995,-92.26860333,7433,Tue Mar 11 2025 14:43:27 GMT-0500 (CDT),,7710
38.905584999999995,-92.26860333,7441,Tue Mar 11 2025 14:43:27 GMT-0500 (CDT),,7710
38.905584999999995,-92.26860333,7481,Tue Mar 11 2025 14:43:27 GMT-0500 (CDT),,7710
38.905584999999995,-92.26860333,7438,Tue Mar 11 2025 14:43:27 GMT-0500 (CDT),,7710
38.905584999999995,-92.26860333,7440,Tue Mar 11 2025 14:43:27 GMT-0500 (CDT),,7710
38.905584999999995,-92.26860333,7433,Tue Mar 11 2025 14:43:28 GMT-0500 (CDT),,7710
38.905584999999995,-92.26860333,7390,Tue Mar 11 2025 14:43:28 GMT-0500 (CDT),,7710
38.905584999999995,-92.26860333,7409,Tue Mar 11 2025 14:43:28 GMT-0500 (CDT),,7710
38.905584999999995,-92.26860333,7486,Tue Mar 11 2025 14:43:28 GMT-0500 (CDT),,7710
38.905584999999995,-92.26860333,7434,Tue Mar 11 2025 14:43:28 GMT-0500 (CDT),,7710
38.905584999999995,-92.26860333,7463,Tue Mar 11 2025 14:43:28 GMT-0500 (CDT),,7710
38.905584999999995,-92.26860333,7451,Tue Mar 11 2025 14:43:28 GMT-0500 (CDT),,7710
38.905584999999995,-92.26860333,7564,Tue Mar 11 2025 14:43:28 GMT-0500 (CDT),,7710
38.905584999999995,-92.26860333,7511,Tue Mar 11 2025 14:43:28 GMT-0500 (CDT),,7710
38.905584999999995,-92.26860333,7465,Tue Mar 11 2025 14:43:28 GMT-0500 (CDT),,7710
38.905584999999995,-92.26860333,7468,Tue Mar 11 2025 14:43:29 GMT-0500 (CDT),,7710
38.905584999999995,-92.26860333,7509,Tue Mar 11 2025 14:43:29 GMT-0500 (CDT),,7710
38.905584999999995,-92.26860333,7501,Tue Mar 11 2025 14:43:29 GMT-0500 (CDT),,7710
38.905584999999995,-92.26860333,7562,Tue Mar 11 2025 14:43:29 GMT-0500 (CDT),,7710
38.905584999999995,-92.26860333,7539,Tue Mar 11 2025 14:43:29 GMT-0500 (CDT),,7710
38.905584999999995,-92.26860333,7473,Tue Mar 11 2025 14:43:29 GMT-0500 (CDT),,7710
38.905584999999995,-92.26860333,7458,Tue Mar 11 2025 14:43:29 GMT-0500 (CDT),,7710
38.905584999999995,-92.26860333,7485,Tue Mar 11 2025 14:43:29 GMT-0500 (CDT),,7710
38.905584999999995,-92.26860333,7533,Tue Mar 11 2025 14:43:29 GMT-0500 (CDT),,7710
38.905584999999995,-92.26860333,7482,Tue Mar 11 2025 14:43:29 GMT-0500 (CDT),,7710
38.905584999999995,-92.26860333,7478,Tue Mar 11 2025 14:43:30 GMT-0500 (CDT),,7710
38.905584999999995,-92.26860333,7538,Tue Mar 11 2025 14:43:30 GMT-0500 (CDT),,7710
38.905584999999995,-92.26860333,7539,Tue Mar 11 2025 14:43:30 GMT-0500 (CDT),,7710
38.905584999999995,-92.26860333,7504,Tue Mar 11 2025 14:43:30 GMT-0500 (CDT),,7710
38.905584999999995,-92.26860333,7482,Tue Mar 11 2025 14:43:30 GMT-0500 (CDT),,7710
38.905584999999995,-92.26860333,7498,Tue Mar 11 2025 14:43:30 GMT-0500 (CDT),,7710
38.905584999999995,-92.26860333,7498,Tue Mar 11 2025 14:43:30 GMT-0500 (CDT),,7710
38.905584999999995,-92.26860333,7550,Tue Mar 11 2025 14:43:30 GMT-0500 (CDT),,7710
38.905584999999995,-92.26860333,7560,Tue Mar 11 2025 14:43:30 GMT-0500 (CDT),,7710
38.905584999999995,-92.26860333,7479,Tue Mar 11 2025 14:43:30 GMT-0500 (CDT),,7710
38.905584999999995,-92.26860333,7562,Tue Mar 11 2025 14:43:31 GMT-0500 (CDT),,7710
38.905584999999995,-92.26860333,7537,Tue Mar 11 2025 14:43:31 GMT-0500 (CDT),,7710
38.905584999999995,-92.26860333,7479,Tue Mar 11 2025 14:43:31 GMT-0500 (CDT),,7710
38.905584999999995,-92.26860333,7497,Tue Mar 11 2025 14:43:31 GMT-0500 (CDT),,7710
38.905584999999995,-92.26860333,7627,Tue Mar 11 2025 14:43:31 GMT-0500 (CDT),,7710
38.905584999999995,-92.26860333,7572,Tue Mar 11 2025 14:43:31 GMT-0500 (CDT),,7710
38.905584999999995,-92.26860333,7635,Tue Mar 11 2025 14:43:31 GMT-0500 (CDT),,7710
38.905584999999995,-92.26860333,7618,Tue Mar 11 2025 14:43:31 GMT-0500 (CDT),,7710
38.905584999999995,-92.26860333,7474,Tue Mar 11 2025 14:43:31 GMT-0500 (CDT),,7710
38.905584999999995,-92.26860333,7489,Tue Mar 11 2025 14:43:31 GMT-0500 (CDT),,7710
38.905584999999995,-92.26860333,7465,Tue Mar 11 2025 14:43:32 GMT-0500 (CDT),,7710
38.905584999999995,-92.26860333,7390,Tue Mar 11 2025 14:43:32 GMT-0500 (CDT),,7710
38.905584999999995,-92.26860333,7322,Tue Mar 11 2025 14:43:32 GMT-0500 (CDT),,7710
38.905584999999995,-92.26860333,7345,Tue Mar 11 2025 14:43:32 GMT-0500 (CDT),,7710
38.905584999999995,-92.26860333,7445,Tue Mar 11 2025 14:43:32 GMT-0500 (CDT),,7710
38.905584999999995,-92.26860333,7458,Tue Mar 11 2025 14:43:32 GMT-0500 (CDT),,7710
38.905584999999995,-92.26860333,7588,Tue Mar 11 2025 14:43:32 GMT-0500 (CDT),,7710
38.905584999999995,-92.26860333,6319,Tue Mar 11 2025 14:43:32 GMT-0500 (CDT),,7710
38.905584999999995,-92.26860333,6212,Tue Mar 11 2025 14:43:32 GMT-0500 (CDT),,7710
38.905584999999995,-92.26860333,6217,Tue Mar 11 2025 14:43:32 GMT-0500 (CDT),,7710
38.905584999999995,-92.26860333,6268,Tue Mar 11 2025 14:43:33 GMT-0500 (CDT),0.05,7710
38.905584999999995,-92.26860333,6224,Tue Mar 11 2025 14:43:33 GMT-0500 (CDT),0.14,7710
38.90557166666667,-92.26860667,6326,Tue Mar 11 2025 14:43:33 GMT-0500 (CDT),0.23,7710
38.90557166666667,-92.26860667,7635,Tue Mar 11 2025 14:43:33 GMT-0500 (CDT),0.32,7710
38.90557166666667,-92.26860667,7488,Tue Mar 11 2025 14:43:33 GMT-0500 (CDT),0.41,7710
38.90557166666667,-92.26860667,7502,Tue Mar 11 2025 14:43:33 GMT-0500 (CDT),0.5,7710
38.90557166666667,-92.26860667,7598,Tue Mar 11 2025 14:43:33 GMT-0500 (CDT),0.59,7710
38.90557166666667,-92.26860667,7567,Tue Mar 11 2025 14:43:33 GMT-0500 (CDT),0.68,7710
38.90557166666667,-92.26860667,7731,Tue Mar 11 2025 14:43:33 GMT-0500 (CDT),0.77,7710
38.90557166666667,-92.26860667,7723,Tue Mar 11 2025 14:43:33 GMT-0500 (CDT),0.86,7710
38.90557166666667,-92.26860667,7639,Tue Mar 11 2025 14:43:33 GMT-0500 (CDT),0.95,7710
38.90557166666667,-92.26860667,7502,Tue Mar 11 2025 14:43:34 GMT-0500 (CDT),,7710
38.90557166666667,-92.26860667,7349,Tue Mar 11 2025 14:43:34 GMT-0500 (CDT),,7710
38.90557166666667,-92.26860667,7567,Tue Mar 11 2025 14:43:34 GMT-0500 (CDT),,7710
38.90557166666667,-92.26860667,7564,Tue Mar 11 2025 14:43:34 GMT-0500 (CDT),,7710
38.90557166666667,-92.26860667,7493,Tue Mar 11 2025 14:43:34 GMT-0500 (CDT),,7710
38.90557166666667,-92.26860667,7580,Tue Mar 11 2025 14:43:34 GMT-0500 (CDT),,7710
38.90557166666667,-92.26860667,7666,Tue Mar 11 2025 14:43:34 GMT-0500 (CDT),,7710
38.90557166666667,-92.26860667,7569,Tue Mar 11 2025 14:43:34 GMT-0500 (CDT),,7710
38.90557166666667,-92.26860667,7539,Tue Mar 11 2025 14:43:34 GMT-0500 (CDT),,7710
38.90557166666667,-92.26860667,7548,Tue Mar 11 2025 14:43:35 GMT-0500 (CDT),,7710
38.90557166666667,-92.26860667,7648,Tue Mar 11 2025 14:43:35 GMT-0500 (CDT),,7710
38.90556333333333,-92.268595,7667,Tue Mar 11 2025 14:43:35 GMT-0500 (CDT),,7710
38.90556333333333,-92.268595,7636,Tue Mar 11 2025 14:43:35 GMT-0500 (CDT),,7710
38.90556333333333,-92.268595,7743,Tue Mar 11 2025 14:43:35 GMT-0500 (CDT),,7710
38.90556333333333,-92.268595,7828,Tue Mar 11 2025 14:43:35 GMT-0500 (CDT),,7710
38.90556333333333,-92.268595,7734,Tue Mar 11 2025 14:43:35 GMT-0500 (CDT),,7710
38.90556333333333,-92.268595,7735,Tue Mar 11 2025 14:43:35 GMT-0500 (CDT),,7710
38.90556333333333,-92.268595,7486,Tue Mar 11 2025 14:43:35 GMT-0500 (CDT),,7710
38.90556333333333,-92.268595,7519,Tue Mar 11 2025 14:43:35 GMT-0500 (CDT),,7710
38.90556333333333,-92.268595,8016,Tue Mar 11 2025 14:43:35 GMT-0500 (CDT),,7710
38.90556333333333,-92.268595,7921,Tue Mar 11 2025 14:43:36 GMT-0500 (CDT),,7710
38.90557,-92.26858333,7896,Tue Mar 11 2025 14:43:36 GMT-0500 (CDT),,7710
38.90557,-92.26858333,7820,Tue Mar 11 2025 14:43:36 GMT-0500 (CDT),,7710
38.90557,-92.26858333,7748,Tue Mar 11 2025 14:43:36 GMT-0500 (CDT),,7710
38.90557,-92.26858333,7932,Tue Mar 11 2025 14:43:36 GMT-0500 (CDT),,7710
38.90557,-92.26858333,7875,Tue Mar 11 2025 14:43:36 GMT-0500 (CDT),,7710
38.90557,-92.26858333,7529,Tue Mar 11 2025 14:43:36 GMT-0500 (CDT),,7710
38.90557,-92.26858333,7131,Tue Mar 11 2025 14:43:36 GMT-0500 (CDT),,7710
38.90557,-92.26858333,7773,Tue Mar 11 2025 14:43:36 GMT-0500 (CDT),,7710
38.90557,-92.26858333,7986,Tue Mar 11 2025 14:43:37 GMT-0500 (CDT),,7710
38.90557,-92.26858333,7810,Tue Mar 11 2025 14:43:37 GMT-0500 (CDT),,7710
38.90557333333334,-92.26857167,7825,Tue Mar 11 2025 14:43:37 GMT-0500 (CDT),,7710
38.90557333333334,-92.26857167,7952,Tue Mar 11 2025 14:43:37 GMT-0500 (CDT),,7710
38.90557333333334,-92.26857167,8052,Tue Mar 11 2025 14:43:37 GMT-0500 (CDT),,7710
38.90557333333334,-92.26857167,8035,Tue Mar 11 2025 14:43:37 GMT-0500 (CDT),,7710
38.90557333333334,-92.26857167,7986,Tue Mar 11 2025 14:43:37 GMT-0500 (CDT),,7710
38.90557333333334,-92.26857167,7968,Tue Mar 11 2025 14:43:37 GMT-0500 (CDT),,7710
38.90557333333334,-92.26857167,8250,Tue Mar 11 2025 14:43:37 GMT-0500 (CDT),,7710
38.90557333333334,-92.26857167,8229,Tue Mar 11 2025 14:43:37 GMT-0500 (CDT),,7710
38.90557333333334,-92.26857167,7911,Tue Mar 11 2025 14:43:37 GMT-0500 (CDT),,7710
38.90557333333334,-92.26857167,7716,Tue Mar 11 2025 14:43:38 GMT-0500 (CDT),,7710
38.90557333333334,-92.26857167,7749,Tue Mar 11 2025 14:43:38 GMT-0500 (CDT),,7710
38.90557333333334,-92.26857167,7616,Tue Mar 11 2025 14:43:38 GMT-0500 (CDT),,7710
38.90557333333334,-92.26857167,7744,Tue Mar 11 2025 14:43:38 GMT-0500 (CDT),,7710
38.90557333333334,-92.26857167,7715,Tue Mar 11 2025 14:43:38 GMT-0500 (CDT),,7710
38.90557333333334,-92.26857167,7720,Tue Mar 11 2025 14:43:38 GMT-0500 (CDT),,7710
38.90557333333334,-92.26857167,7644,Tue Mar 11 2025 14:43:38 GMT-0500 (CDT),,7710
38.90557333333334,-92.26857167,7533,Tue Mar 11 2025 14:43:38 GMT-0500 (CDT),,7710
38.90557333333334,-92.26857167,7435,Tue Mar 11 2025 14:43:38 GMT-0500 (CDT),,7710
38.90557333333334,-92.26857167,7492,Tue Mar 11 2025 14:43:39 GMT-0500 (CDT),,7710
38.90557333333334,-92.26857167,7409,Tue Mar 11 2025 14:43:39 GMT-0500 (CDT),,7710
38.90557166666667,-92.26853667,7535,Tue Mar 11 2025 14:43:39 GMT-0500 (CDT),,7710
38.90557166666667,-92.26853667,7467,Tue Mar 11 2025 14:43:39 GMT-0500 (CDT),,7710
38.90557166666667,-92.26853667,7697,Tue Mar 11 2025 14:43:39 GMT-0500 (CDT),,7710
38.90557166666667,-92.26853667,7480,Tue Mar 11 2025 14:43:39 GMT-0500 (CDT),,7710
38.90557166666667,-92.26853667,7456,Tue Mar 11 2025 14:43:39 GMT-0500 (CDT),,7710
38.90557166666667,-92.26853667,7399,Tue Mar 11 2025 14:43:39 GMT-0500 (CDT),,7710
38.90557166666667,-92.26853667,7434,Tue Mar 11 2025 14:43:39 GMT-0500 (CDT),,7710
38.90557166666667,-92.26853667,7258,Tue Mar 11 2025 14:43:39 GMT-0500 (CDT),,7710
38.90557166666667,-92.26853667,7347,Tue Mar 11 2025 14:43:39 GMT-0500 (CDT),,7710
38.90557166666667,-92.26853667,7469,Tue Mar 11 2025 14:43:40 GMT-0500 (CDT),,7710
38.90557833333333,-92.26852667,7360,Tue Mar 11 2025 14:43:40 GMT-0500 (CDT),,7710
38.90557833333333,-92.26852667,7338,Tue Mar 11 2025 14:43:40 GMT-0500 (CDT),,7710
38.90557833333333,-92.26852667,7331,Tue Mar 11 2025 14:43:40 GMT-0500 (CDT),,7710
38.90557833333333,-92.26852667,6283,Tue Mar 11 2025 14:43:40 GMT-0500 (CDT),,7710
38.90557833333333,-92.26852667,6140,Tue Mar 11 2025 14:43:40 GMT-0500 (CDT),,7710
38.90557833333333,-92.26852667,6177,Tue Mar 11 2025 14:43:40 GMT-0500 (CDT),,7710
38.90557833333333,-92.26852667,6217,Tue Mar 11 2025 14:43:40 GMT-0500 (CDT),,7710
38.90557833333333,-92.26852667,6136,Tue Mar 11 2025 14:43:40 GMT-0500 (CDT),,7710
38.90557833333333,-92.26852667,6270,Tue Mar 11 2025 14:43:41 GMT-0500 (CDT),,7710
38.90557833333333,-92.26852667,7436,Tue Mar 11 2025 14:43:41 GMT-0500 (CDT),0.05,7710
38.90557833333333,-92.26852667,7455,Tue Mar 11 2025 14:43:41 GMT-0500 (CDT),,7710
38.90557833333333,-92.26852667,7582,Tue Mar 11 2025 14:43:41 GMT-0500 (CDT),,7710
38.90557833333333,-92.26852667,7273,Tue Mar 11 2025 14:43:41 GMT-0500 (CDT),,7710
38.90557833333333,-92.26852667,7255,Tue Mar 11 2025 14:43:41 GMT-0500 (CDT),,7710
38.90557833333333,-92.26852667,7475,Tue Mar 11 2025 14:43:41 GMT-0500 (CDT),,7710
38.90557833333333,-92.26852667,7365,Tue Mar 11 2025 14:43:41 GMT-0500 (CDT),,7710
38.90557833333333,-92.26852667,7290,Tue Mar 11 2025 14:43:41 GMT-0500 (CDT),,7710
38.90557833333333,-92.26852667,7061,Tue Mar 11 2025 14:43:41 GMT-0500 (CDT),,7710
38.90557833333333,-92.26852667,7339,Tue Mar 11 2025 14:43:41 GMT-0500 (CDT),,7710
38.90557833333333,-92.26852667,7456,Tue Mar 11 2025 14:43:42 GMT-0500 (CDT),,7710
38.90558333333333,-92.26851167,7395,Tue Mar 11 2025 14:43:42 GMT-0500 (CDT),,7710
38.90558333333333,-92.26851167,7317,Tue Mar 11 2025 14:43:42 GMT-0500 (CDT),,7710
38.90558333333333,-92.26851167,7279,Tue Mar 11 2025 14:43:42 GMT-0500 (CDT),,7710
38.90558333333333,-92.26851167,7375,Tue Mar 11 2025 14:43:42 GMT-0500 (CDT),,7710
38.90558333333333,-92.26851167,7504,Tue Mar 11 2025 14:43:42 GMT-0500 (CDT),,7710
38.90558333333333,-92.26851167,7554,Tue Mar 11 2025 14:43:42 GMT-0500 (CDT),,7710
38.90558333333333,-92.26851167,7554,Tue Mar 11 2025 14:43:42 GMT-0500 (CDT),,7710
38.90558333333333,-92.26851167,7563,Tue Mar 11 2025 14:43:42 GMT-0500 (CDT),,7710
38.90558333333333,-92.26851167,7315,Tue Mar 11 2025 14:43:43 GMT-0500 (CDT),,7710
38.90558333333333,-92.26851167,7460,Tue Mar 11 2025 14:43:43 GMT-0500 (CDT),,7710
38.90558333333333,-92.26851167,7402,Tue Mar 11 2025 14:43:43 GMT-0500 (CDT),,7710
38.90558333333333,-92.26851167,7425,Tue Mar 11 2025 14:43:43 GMT-0500 (CDT),,7710
38.90558333333333,-92.26851167,7349,Tue Mar 11 2025 14:43:43 GMT-0500 (CDT),,7710
38.90558333333333,-92.26851167,7572,Tue Mar 11 2025 14:43:43 GMT-0500 (CDT),,7710
38.90558333333333,-92.26851167,7502,Tue Mar 11 2025 14:43:43 GMT-0500 (CDT),,7710
38.90558333333333,-92.26851167,7715,Tue Mar 11 2025 14:43:43 GMT-0500 (CDT),,7710
38.90558333333333,-92.26851167,7695,Tue Mar 11 2025 14:43:43 GMT-0500 (CDT),,7710
38.90558333333333,-92.26851167,7624,Tue Mar 11 2025 14:43:43 GMT-0500 (CDT),,7710
38.90558333333333,-92.26851167,7564,Tue Mar 11 2025 14:43:43 GMT-0500 (CDT),,7710
38.90558333333333,-92.26851167,7445,Tue Mar 11 2025 14:43:44 GMT-0500 (CDT),,7710
38.905588333333334,-92.26849833,7354,Tue Mar 11 2025 14:43:44 GMT-0500 (CDT),,7710
38.905588333333334,-92.26849833,7584,Tue Mar 11 2025 14:43:44 GMT-0500 (CDT),,7710
38.905588333333334,-92.26849833,7442,Tue Mar 11 2025 14:43:44 GMT-0500 (CDT),,7710
38.905588333333334,-92.26849833,7418,Tue Mar 11 2025 14:43:44 GMT-0500 (CDT),,7710
38.905588333333334,-92.26849833,7317,Tue Mar 11 2025 14:43:44 GMT-0500 (CDT),,7710
38.905588333333334,-92.26849833,7405,Tue Mar 11 2025 14:43:44 GMT-0500 (CDT),,7710
38.905588333333334,-92.26849833,7333,Tue Mar 11 2025 14:43:44 GMT-0500 (CDT),,7710
38.905588333333334,-92.26849833,7362,Tue Mar 11 2025 14:43:44 GMT-0500 (CDT),,7710
38.905588333333334,-92.26849833,7321,Tue Mar 11 2025 14:43:45 GMT-0500 (CDT),,7710
38.905588333333334,-92.26849833,7380,Tue Mar 11 2025 14:43:45 GMT-0500 (CDT),,7710
38.905588333333334,-92.26849833,7591,Tue Mar 11 2025 14:43:45 GMT-0500 (CDT),,7710
38.905588333333334,-92.26849833,7624,Tue Mar 11 2025 14:43:45 GMT-0500 (CDT),,7710
38.905588333333334,-92.26849833,7622,Tue Mar 11 2025 14:43:45 GMT-0500 (CDT),,7710
38.905588333333334,-92.26849833,7736,Tue Mar 11 2025 14:43:45 GMT-0500 (CDT),,7710
38.905588333333334,-92.26849833,7527,Tue Mar 11 2025 14:43:45 GMT-0500 (CDT),,7710
38.905588333333334,-92.26849833,7590,Tue Mar 11 2025 14:43:45 GMT-0500 (CDT),,7710
38.905588333333334,-92.26849833,7691,Tue Mar 11 2025 14:43:45 GMT-0500 (CDT),,7710
38.905588333333334,-92.26849833,7733,Tue Mar 11 2025 14:43:45 GMT-0500 (CDT),,7710
38.905588333333334,-92.26849833,7713,Tue Mar 11 2025 14:43:45 GMT-0500 (CDT),,7710
38.905588333333334,-92.26849833,7740,Tue Mar 11 2025 14:43:46 GMT-0500 (CDT),,7710
38.905588333333334,-92.26848,7723,Tue Mar 11 2025 14:43:46 GMT-0500 (CDT),,7710
38.905588333333334,-92.26848,7763,Tue Mar 11 2025 14:43:46 GMT-0500 (CDT),,7710
38.905588333333334,-92.26848,7728,Tue Mar 11 2025 14:43:46 GMT-0500 (CDT),,7710
38.905588333333334,-92.26848,7662,Tue Mar 11 2025 14:43:46 GMT-0500 (CDT),,7710
38.905588333333334,-92.26848,7463,Tue Mar 11 2025 14:43:46 GMT-0500 (CDT),,7710
38.905588333333334,-92.26848,7192,Tue Mar 11 2025 14:43:46 GMT-0500 (CDT),,7710
38.905588333333334,-92.26848,7301,Tue Mar 11 2025 14:43:46 GMT-0500 (CDT),,7710
38.905588333333334,-92.26848,7491,Tue Mar 11 2025 14:43:46 GMT-0500 (CDT),,7710
38.905588333333334,-92.26848,7516,Tue Mar 11 2025 14:43:46 GMT-0500 (CDT),,7710
38.905588333333334,-92.26848,7480,Tue Mar 11 2025 14:43:47 GMT-0500 (CDT),,7710
38.905588333333334,-92.26848,7463,Tue Mar 11 2025 14:43:47 GMT-0500 (CDT),,7710
38.905588333333334,-92.26848,7347,Tue Mar 11 2025 14:43:47 GMT-0500 (CDT),,7710
38.905588333333334,-92.26848,6417,Tue Mar 11 2025 14:43:47 GMT-0500 (CDT),,7710
38.905588333333334,-92.26848,6379,Tue Mar 11 2025 14:43:47 GMT-0500 (CDT),,7710
38.905588333333334,-92.26848,6509,Tue Mar 11 2025 14:43:47 GMT-0500 (CDT),,7710
38.905588333333334,-92.26848,6652,Tue Mar 11 2025 14:43:47 GMT-0500 (CDT),,7710
38.905588333333334,-92.26848,6520,Tue Mar 11 2025 14:43:47 GMT-0500 (CDT),,7710
38.905588333333334,-92.26848,6539,Tue Mar 11 2025 14:43:47 GMT-0500 (CDT),0.85,7710
38.905588333333334,-92.26848,7760,Tue Mar 11 2025 14:43:47 GMT-0500 (CDT),,7710
38.905588333333334,-92.26848,7787,Tue Mar 11 2025 14:43:48 GMT-0500 (CDT),,7710
38.905591666666666,-92.26846,7722,Tue Mar 11 2025 14:43:48 GMT-0500 (CDT),,7710
38.905591666666666,-92.26846,7709,Tue Mar 11 2025 14:43:48 GMT-0500 (CDT),,7710
38.905591666666666,-92.26846,7761,Tue Mar 11 2025 14:43:48 GMT-0500 (CDT),,7710
38.905591666666666,-92.26846,7691,Tue Mar 11 2025 14:43:48 GMT-0500 (CDT),,7710
38.905591666666666,-92.26846,7662,Tue Mar 11 2025 14:43:48 GMT-0500 (CDT),,7710
38.905591666666666,-92.26846,7623,Tue Mar 11 2025 14:43:48 GMT-0500 (CDT),,7710
38.905591666666666,-92.26846,7623,Tue Mar 11 2025 14:43:48 GMT-0500 (CDT),,7710
38.905591666666666,-92.26846,7571,Tue Mar 11 2025 14:43:48 GMT-0500 (CDT),,7710
38.905591666666666,-92.26846,7525,Tue Mar 11 2025 14:43:48 GMT-0500 (CDT),,7710
38.905591666666666,-92.26846,7471,Tue Mar 11 2025 14:43:49 GMT-0500 (CDT),,7710
38.905591666666666,-92.26846,7445,Tue Mar 11 2025 14:43:49 GMT-0500 (CDT),,7710
38.905591666666666,-92.26846,7335,Tue Mar 11 2025 14:43:49 GMT-0500 (CDT),,7710
38.905591666666666,-92.26846,7174,Tue Mar 11 2025 14:43:49 GMT-0500 (CDT),,7710
38.905591666666666,-92.26846,7387,Tue Mar 11 2025 14:43:49 GMT-0500 (CDT),,7710
38.905591666666666,-92.26846,7397,Tue Mar 11 2025 14:43:49 GMT-0500 (CDT),,7710
38.905591666666666,-92.26846,7622,Tue Mar 11 2025 14:43:49 GMT-0500 (CDT),,7710
38.905591666666666,-92.26846,7714,Tue Mar 11 2025 14:43:49 GMT-0500 (CDT),,7710
38.905591666666666,-92.26846,7696,Tue Mar 11 2025 14:43:49 GMT-0500 (CDT),,7710
38.905591666666666,-92.26846,7745,Tue Mar 11 2025 14:43:49 GMT-0500 (CDT),,7710
38.905591666666666,-92.26846,7829,Tue Mar 11 2025 14:43:50 GMT-0500 (CDT),,7710
38.90559333333333,-92.26844167,7871,Tue Mar 11 2025 14:43:50 GMT-0500 (CDT),,7710
38.90559333333333,-92.26844167,7787,Tue Mar 11 2025 14:43:50 GMT-0500 (CDT),,7710
38.90559333333333,-92.26844167,7906,Tue Mar 11 2025 14:43:50 GMT-0500 (CDT),,7710
38.90559333333333,-92.26844167,7893,Tue Mar 11 2025 14:43:50 GMT-0500 (CDT),,7710
38.90559333333333,-92.26844167,7856,Tue Mar 11 2025 14:43:50 GMT-0500 (CDT),,7710
38.90559333333333,-92.26844167,7802,Tue Mar 11 2025 14:43:50 GMT-0500 (CDT),,7710
38.90559333333333,-92.26844167,7814,Tue Mar 11 2025 14:43:50 GMT-0500 (CDT),,7710
38.90559333333333,-92.26844167,7882,Tue Mar 11 2025 14:43:50 GMT-0500 (CDT),,7710
38.90559333333333,-92.26844167,7762,Tue Mar 11 2025 14:43:50 GMT-0500 (CDT),,7710
38.90559333333333,-92.26844167,7676,Tue Mar 11 2025 14:43:51 GMT-0500 (CDT),,7710
38.90559333333333,-92.26844167,7603,Tue Mar 11 2025 14:43:51 GMT-0500 (CDT),,7710
38.90559333333333,-92.26844167,7481,Tue Mar 11 2025 14:43:51 GMT-0500 (CDT),,7710
38.90559333333333,-92.26844167,7587,Tue Mar 11 2025 14:43:51 GMT-0500 (CDT),,7710
38.90559333333333,-92.26844167,7734,Tue Mar 11 2025 14:43:51 GMT-0500 (CDT),,7710
38.90559333333333,-92.26844167,7692,Tue Mar 11 2025 14:43:51 GMT-0500 (CDT),,7710
38.90559333333333,-92.26844167,7735,Tue Mar 11 2025 14:43:51 GMT-0500 (CDT),,7710
38.90559333333333,-92.26844167,7815,Tue Mar 11 2025 14:43:51 GMT-0500 (CDT),,7710
38.90559333333333,-92.26844167,7761,Tue Mar 11 2025 14:43:51 GMT-0500 (CDT),,7710
38.90559333333333,-92.26844167,7636,Tue Mar 11 2025 14:43:51 GMT-0500 (CDT),,7710
38.90559333333333,-92.26844167,7501,Tue Mar 11 2025 14:43:52 GMT-0500 (CDT),,7710
38.90559666666666,-92.26842167,7521,Tue Mar 11 2025 14:43:52 GMT-0500 (CDT),,7710
38.90559666666666,-92.26842167,7602,Tue Mar 11 2025 14:43:52 GMT-0500 (CDT),,7710
38.90559666666666,-92.26842167,7631,Tue Mar 11 2025 14:43:52 GMT-0500 (CDT),,7710
38.90559666666666,-92.26842167,7741,Tue Mar 11 2025 14:43:52 GMT-0500 (CDT),,7710
38.90559666666666,-92.26842167,7828,Tue Mar 11 2025 14:43:52 GMT-0500 (CDT),,7710
38.90559666666666,-92.26842167,7876,Tue Mar 11 2025 14:43:52 GMT-0500 (CDT),,7710
38.90559666666666,-92.26842167,7759,Tue Mar 11 2025 14:43:52 GMT-0500 (CDT),,7710
38.90559666666666,-92.26842167,7668,Tue Mar 11 2025 14:43:52 GMT-0500 (CDT),,7710
38.90559666666666,-92.26842167,7575,Tue Mar 11 2025 14:43:52 GMT-0500 (CDT),,7710
38.90559666666666,-92.26842167,7446,Tue Mar 11 2025 14:43:53 GMT-0500 (CDT),,7710
38.9056,-92.26841,7335,Tue Mar 11 2025 14:43:53 GMT-0500 (CDT),,7710
38.9056,-92.26841,7335,Tue Mar 11 2025 14:43:53 GMT-0500 (CDT),,7710
38.9056,-92.26841,7507,Tue Mar 11 2025 14:43:53 GMT-0500 (CDT),,7710
38.9056,-92.26841,7549,Tue Mar 11 2025 14:43:53 GMT-0500 (CDT),,7710
38.9056,-92.26841,7683,Tue Mar 11 2025 14:43:53 GMT-0500 (CDT),,7710
38.9056,-92.26841,7676,Tue Mar 11 2025 14:43:53 GMT-0500 (CDT),,7710
38.9056,-92.26841,7581,Tue Mar 11 2025 14:43:53 GMT-0500 (CDT),,7710
38.9056,-92.26841,7505,Tue Mar 11 2025 14:43:53 GMT-0500 (CDT),,7710
38.9056,-92.26841,7319,Tue Mar 11 2025 14:43:53 GMT-0500 (CDT),,7710
38.9056,-92.26841,7272,Tue Mar 11 2025 14:43:54 GMT-0500 (CDT),,7710
38.90560166666667,-92.26839833,7486,Tue Mar 11 2025 14:43:54 GMT-0500 (CDT),,7710
38.90560166666667,-92.26839833,7477,Tue Mar 11 2025 14:43:54 GMT-0500 (CDT),,7710
38.90560166666667,-92.26839833,7390,Tue Mar 11 2025 14:43:54 GMT-0500 (CDT),,7710
38.90560166666667,-92.26839833,7511,Tue Mar 11 2025 14:43:54 GMT-0500 (CDT),,7710
38.90560166666667,-92.26839833,7699,Tue Mar 11 2025 14:43:54 GMT-0500 (CDT),,7710
38.90560166666667,-92.26839833,7785,Tue Mar 11 2025 14:43:54 GMT-0500 (CDT),,7710
38.90560166666667,-92.26839833,7798,Tue Mar 11 2025 14:43:54 GMT-0500 (CDT),,7710
38.90560166666667,-92.26839833,7584,Tue Mar 11 2025 14:43:54 GMT-0500 (CDT),,7710
38.90560166666667,-92.26839833,7678,Tue Mar 11 2025 14:43:54 GMT-0500 (CDT),,7710
38.90560166666667,-92.26839833,7750,Tue Mar 11 2025 14:43:55 GMT-0500 (CDT),,7710
38.90560166666667,-92.26839833,7740,Tue Mar 11 2025 14:43:55 GMT-0500 (CDT),,7710
38.90560166666667,-92.26839833,7763,Tue Mar 11 2025 14:43:55 GMT-0500 (CDT),,7710
38.90560166666667,-92.26839833,7793,Tue Mar 11 2025 14:43:55 GMT-0500 (CDT),,7710
38.90560166666667,-92.26839833,7743,Tue Mar 11 2025 14:43:55 GMT-0500 (CDT),,7710
38.90560166666667,-92.26839833,7699,Tue Mar 11 2025 14:43:55 GMT-0500 (CDT),,7710
38.90560166666667,-92.26839833,7503,Tue Mar 11 2025 14:43:55 GMT-0500 (CDT),,7710
38.90560166666667,-92.26839833,6573,Tue Mar 11 2025 14:43:55 GMT-0500 (CDT),,7710
38.90560166666667,-92.26839833,6356,Tue Mar 11 2025 14:43:55 GMT-0500 (CDT),,7710
38.90560166666667,-92.26839833,6296,Tue Mar 11 2025 14:43:55 GMT-0500 (CDT),,7710
38.90560166666667,-92.26839833,6340,Tue Mar 11 2025 14:43:56 GMT-0500 (CDT),0.05,7710
38.90560166666667,-92.26838333,6270,Tue Mar 11 2025 14:43:56 GMT-0500 (CDT),0.15,7710
38.90560166666667,-92.26838333,6300,Tue Mar 11 2025 14:43:56 GMT-0500 (CDT),0.25,7710
38.90560166666667,-92.26838333,6387,Tue Mar 11 2025 14:43:56 GMT-0500 (CDT),0.35,7710
38.90560166666667,-92.26838333,7779,Tue Mar 11 2025 14:43:56 GMT-0500 (CDT),0.45,7710
38.90560166666667,-92.26838333,7542,Tue Mar 11 2025 14:43:56 GMT-0500 (CDT),0.55,7710
38.90560166666667,-92.26838333,7756,Tue Mar 11 2025 14:43:56 GMT-0500 (CDT),0.65,7710
38.90560166666667,-92.26838333,7669,Tue Mar 11 2025 14:43:56 GMT-0500 (CDT),0.75,7710
38.90560166666667,-92.26838333,7821,Tue Mar 11 2025 14:43:56 GMT-0500 (CDT),0.85,7710
38.90560166666667,-92.26838333,7756,Tue Mar 11 2025 14:43:56 GMT-0500 (CDT),0.95,7710
38.90560166666667,-92.26838333,7716,Tue Mar 11 2025 14:43:57 GMT-0500 (CDT),,7710
38.90560166666667,-92.26838333,7805,Tue Mar 11 2025 14:43:57 GMT-0500 (CDT),,7710
38.90560166666667,-92.26838333,7886,Tue Mar 11 2025 14:43:57 GMT-0500 (CDT),,7710
38.90560166666667,-92.26838333,7887,Tue Mar 11 2025 14:43:57 GMT-0500 (CDT),,7710
38.90560166666667,-92.26838333,7828,Tue Mar 11 2025 14:43:57 GMT-0500 (CDT),,7710
38.90560166666667,-92.26838333,7738,Tue Mar 11 2025 14:43:57 GMT-0500 (CDT),,7710
38.90560166666667,-92.26838333,7848,Tue Mar 11 2025 14:43:57 GMT-0500 (CDT),,7710
38.90560166666667,-92.26838333,7731,Tue Mar 11 2025 14:43:57 GMT-0500 (CDT),,7710
38.90560166666667,-92.26838333,7700,Tue Mar 11 2025 14:43:57 GMT-0500 (CDT),,7710
38.90560166666667,-92.26838333,7958,Tue Mar 11 2025 14:43:57 GMT-0500 (CDT),,7710
38.90560166666667,-92.26838333,8024,Tue Mar 11 2025 14:43:58 GMT-0500 (CDT),,7710
38.90560166666667,-92.26838333,8113,Tue Mar 11 2025 14:43:58 GMT-0500 (CDT),,7710
38.90559833333334,-92.26837,7826,Tue Mar 11 2025 14:43:58 GMT-0500 (CDT),,7710
38.90559833333334,-92.26837,7635,Tue Mar 11 2025 14:43:58 GMT-0500 (CDT),,7710
38.90559833333334,-92.26837,7207,Tue Mar 11 2025 14:43:58 GMT-0500 (CDT),,7710
38.90559833333334,-92.26837,7482,Tue Mar 11 2025 14:43:58 GMT-0500 (CDT),,7710
38.90559833333334,-92.26837,7337,Tue Mar 11 2025 14:43:58 GMT-0500 (CDT),,7710
38.90559833333334,-92.26837,7352,Tue Mar 11 2025 14:43:58 GMT-0500 (CDT),,7710
38.90559833333334,-92.26837,7298,Tue Mar 11 2025 14:43:58 GMT-0500 (CDT),,7710
38.90559833333334,-92.26837,7644,Tue Mar 11 2025 14:43:58 GMT-0500 (CDT),,7710
38.90559833333334,-92.26837,7435,Tue Mar 11 2025 14:43:58 GMT-0500 (CDT),,7710
38.90559833333334,-92.26837,7401,Tue Mar 11 2025 14:43:59 GMT-0500 (CDT),,7710
38.90559833333334,-92.26837,7203,Tue Mar 11 2025 14:43:59 GMT-0500 (CDT),,7710
38.90559833333334,-92.26837,7066,Tue Mar 11 2025 14:43:59 GMT-0500 (CDT),,7710
38.90559833333334,-92.26837,7262,Tue Mar 11 2025 14:43:59 GMT-0500 (CDT),,7710
38.90559833333334,-92.26837,7283,Tue Mar 11 2025 14:43:59 GMT-0500 (CDT),,7710
38.90559833333334,-92.26837,7312,Tue Mar 11 2025 14:43:59 GMT-0500 (CDT),,7710
38.90559833333334,-92.26837,7510,Tue Mar 11 2025 14:43:59 GMT-0500 (CDT),,7710
38.90559833333334,-92.26837,7672,Tue Mar 11 2025 14:43:59 GMT-0500 (CDT),,7710
38.90559833333334,-92.26837,7953,Tue Mar 11 2025 14:43:59 GMT-0500 (CDT),,7710
38.90559833333334,-92.26837,8039,Tue Mar 11 2025 14:44:00 GMT-0500 (CDT),,7710
38.90559833333334,-92.26837,7894,Tue Mar 11 2025 14:44:00 GMT-0500 (CDT),,7710
38.90560166666667,-92.26835167,7653,Tue Mar 11 2025 14:44:00 GMT-0500 (CDT),,7710
38.90560166666667,-92.26835167,7390,Tue Mar 11 2025 14:44:00 GMT-0500 (CDT),,7710
38.90560166666667,-92.26835167,7412,Tue Mar 11 2025 14:44:00 GMT-0500 (CDT),,7710
38.90560166666667,-92.26835167,7418,Tue Mar 11 2025 14:44:00 GMT-0500 (CDT),,7710
38.90560166666667,-92.26835167,7418,Tue Mar 11 2025 14:44:00 GMT-0500 (CDT),,7710
38.90560166666667,-92.26835167,7495,Tue Mar 11 2025 14:44:00 GMT-0500 (CDT),,7710
38.90560166666667,-92.26835167,7588,Tue Mar 11 2025 14:44:00 GMT-0500 (CDT),,7710
38.90560166666667,-92.26835167,7483,Tue Mar 11 2025 14:44:00 GMT-0500 (CDT),,7710
38.90560166666667,-92.26835167,7519,Tue Mar 11 2025 14:44:00 GMT-0500 (CDT),,7710
38.90560166666667,-92.26835167,7522,Tue Mar 11 2025 14:44:01 GMT-0500 (CDT),,7710
38.90560166666667,-92.26834,7406,Tue Mar 11 2025 14:44:01 GMT-0500 (CDT),,7710
38.90560166666667,-92.26834,7573,Tue Mar 11 2025 14:44:01 GMT-0500 (CDT),,7710
38.90560166666667,-92.26834,7719,Tue Mar 11 2025 14:44:01 GMT-0500 (CDT),,7710
38.90560166666667,-92.26834,7732,Tue Mar 11 2025 14:44:01 GMT-0500 (CDT),,7710
38.90560166666667,-92.26834,7633,Tue Mar 11 2025 14:44:01 GMT-0500 (CDT),,7710
38.90560166666667,-92.26834,7585,Tue Mar 11 2025 14:44:01 GMT-0500 (CDT),,7710
38.90560166666667,-92.26834,7427,Tue Mar 11 2025 14:44:01 GMT-0500 (CDT),,7710
38.90560166666667,-92.26834,7266,Tue Mar 11 2025 14:44:01 GMT-0500 (CDT),,7710
38.90560166666667,-92.26834,7160,Tue Mar 11 2025 14:44:02 GMT-0500 (CDT),,7710
38.90560166666667,-92.26834,7056,Tue Mar 11 2025 14:44:02 GMT-0500 (CDT),,7710
38.90560166666667,-92.26834,7145,Tue Mar 11 2025 14:44:02 GMT-0500 (CDT),,7710
38.90560166666667,-92.26834,7156,Tue Mar 11 2025 14:44:02 GMT-0500 (CDT),,7710
38.90560166666667,-92.26834,7300,Tue Mar 11 2025 14:44:02 GMT-0500 (CDT),,7710
38.90560166666667,-92.26834,7191,Tue Mar 11 2025 14:44:02 GMT-0500 (CDT),,7710
38.90560166666667,-92.26834,7315,Tue Mar 11 2025 14:44:02 GMT-0500 (CDT),,7710
38.90560166666667,-92.26834,7257,Tue Mar 11 2025 14:44:02 GMT-0500 (CDT),,7710
38.90560166666667,-92.26834,7241,Tue Mar 11 2025 14:44:02 GMT-0500 (CDT),,7710
38.90560166666667,-92.26834,7206,Tue Mar 11 2025 14:44:02 GMT-0500 (CDT),,7710
38.90560166666667,-92.26834,7165,Tue Mar 11 2025 14:44:02 GMT-0500 (CDT),,7710
38.90560166666667,-92.26834,7173,Tue Mar 11 2025 14:44:03 GMT-0500 (CDT),,7710
38.9056,-92.268325,7022,Tue Mar 11 2025 14:44:03 GMT-0500 (CDT),,7710
38.9056,-92.268325,6982,Tue Mar 11 2025 14:44:03 GMT-0500 (CDT),,7710
38.9056,-92.268325,6977,Tue Mar 11 2025 14:44:03 GMT-0500 (CDT),,7710
38.9056,-92.268325,7017,Tue Mar 11 2025 14:44:03 GMT-0500 (CDT),,7710
38.9056,-92.268325,7045,Tue Mar 11 2025 14:44:03 GMT-0500 (CDT),,7710
38.9056,-92.268325,7182,Tue Mar 11 2025 14:44:03 GMT-0500 (CDT),,7710
38.9056,-92.268325,7191,Tue Mar 11 2025 14:44:03 GMT-0500 (CDT),,7710
38.9056,-92.268325,7257,Tue Mar 11 2025 14:44:03 GMT-0500 (CDT),,7710
38.9056,-92.268325,7145,Tue Mar 11 2025 14:44:04 GMT-0500 (CDT),,7710
38.9056,-92.268325,7113,Tue Mar 11 2025 14:44:04 GMT-0500 (CDT),,7710
38.9056,-92.268325,7068,Tue Mar 11 2025 14:44:04 GMT-0500 (CDT),,7710
38.9056,-92.268325,7036,Tue Mar 11 2025 14:44:04 GMT-0500 (CDT),,7710
